set,scenario,controller,family,demand_ratio,speed_mps,mass_scale,delay_s,max_abs_ey_cm,rms_ey_cm,p95_abs_ey_cm,worst1pct_ey_cm,yaw_rate_err_rms,max_sideslip_deg,peak_utilisation,utilisation_over_frac,saturation_frac,steer_rate_rms,demand_over_limit_mu_min,progress_fraction,mean_speed_mps,mode_nominal,mode_cautious,mode_low_mu,mode_degraded,mode_fallback,mode_minimal_risk,diverged,diverged_at_s,solve_mean_ms,solve_p99_ms,solve_max_ms,git_sha,git_dirty,config_hash,python,numpy,scipy
train,train-000,b0_pid_ff,ramp,0.596585,8.534614,1.147986,0.004027,0.7241261182532951,0.1896484181495016,0.4319901763908407,0.6983880456588866,0.013552608986334787,1.3567699868228977,0.7081739486709411,0.0,0.658,0.5260024990131745,0.7081739486709411,1.0000000000000193,8.534614000000001,,,,,,,False,,0.0,0.0,0.0,d176ee30e6fc7a6824a7dbb7b84aa9ef49ea5e90,True,d46ffb6c4c5bf557,3.12.10,2.5.3,1.18.1
train,train-000,b1_pd_ff,ramp,0.596585,8.534614,1.147986,0.004027,1.129248138667485,0.2775385224789869,0.5958573736887195,1.0678473503339152,0.013895891683096698,1.3652081418186885,0.7114430338125006,0.0,0.6526666666666666,0.524388417684985,0.7114430338125006,1.0000000000000193,8.534614000000001,,,,,,,False,,0.0,0.0,0.0,d176ee30e6fc7a6824a7dbb7b84aa9ef49ea5e90,True,d46ffb6c4c5bf557,3.12.10,2.5.3,1.18.1
train,train-000,b4_supervised,ramp,0.596585,8.534614,1.147986,0.004027,3.102330838637831,1.1759816658335895,2.6517812321650083,3.065402150513062,0.012024978784856064,2.205427395343614,0.45529061435002277,0.0,0.7526666666666667,0.5484435617766062,0.45529061435002277,0.593913204041772,5.068797013662112,0.06664445184938354,0.0,0.0,0.9333555481506165,0.0,0.0,False,,0.0,0.0,0.0,d176ee30e6fc7a6824a7dbb7b84aa9ef49ea5e90,True,d46ffb6c4c5bf557,3.12.10,2.5.3,1.18.1
train,train-000,b3_rl_unsupervised,ramp,0.596585,8.534614,1.147986,0.004027,0.7252648066684684,0.18711555483144143,0.4224561735898022,0.6961023576966447,0.01350518797096289,1.3575704995993798,0.7083319478838745,0.0,0.6516666666666666,0.5244599083590067,0.7083319478838745,1.0000000000000193,8.534614000000001,1.0,0.0,0.0,0.0,0.0,0.0,False,,0.0,0.0,0.0,d176ee30e6fc7a6824a7dbb7b84aa9ef49ea5e90,True,d46ffb6c4c5bf557,3.12.10,2.5.3,1.18.1
train,train-000,b5_rl_supervised,ramp,0.596585,8.534614,1.147986,0.004027,3.102330838637831,1.1759816658335895,2.6517812321650083,3.065402150513062,0.012024978784856064,2.205427395343614,0.45529061435002277,0.0,0.7526666666666667,0.5484435617766062,0.45529061435002277,0.593913204041772,5.068797013662112,0.06664445184938354,0.0,0.0,0.9333555481506165,0.0,0.0,False,,0.0,0.0,0.0,d176ee30e6fc7a6824a7dbb7b84aa9ef49ea5e90,True,d46ffb6c4c5bf557,3.12.10,2.5.3,1.18.1
train,train-001,b0_pid_ff,constant,0.635707,11.356611,1.163484,0.031168,1.9039799590055955,0.4930389657724364,1.1903881338113655,1.8734248522066965,0.014254467007327926,0.8513998294590659,0.7045450511969658,0.0,0.5366666666666666,0.4955702088286321,0.7045450511969658,0.9999999999999841,11.356610999999997,,,,,,,False,,0.0,0.0,0.0,d176ee30e6fc7a6824a7dbb7b84aa9ef49ea5e90,True,d46ffb6c4c5bf557,3.12.10,2.5.3,1.18.1
train,train-001,b1_pd_ff,constant,0.635707,11.356611,1.163484,0.031168,2.9030938787644343,0.8235981192251572,2.257325319161521,2.827713457077291,0.014808650361217245,0.8556963478206021,0.69903168490164,0.0,0.5123333333333333,0.4899366056913627,0.69903168490164,0.9999999999999841,11.356610999999997,,,,,,,False,,0.0,0.0,0.0,d176ee30e6fc7a6824a7dbb7b84aa9ef49ea5e90,True,d46ffb6c4c5bf557,3.12.10,2.5.3,1.18.1
train,train-001,b4_supervised,constant,0.635707,11.356611,1.163484,0.031168,0.6954872456603386,0.3898402818132047,0.5961299344236204,0.6715057040579046,0.0048273149847328865,0.608060466081093,0.17437751114989278,0.0,0.6496666666666666,0.5218120285990941,0.17437751114989278,0.4599454573493101,5.22334719126958,0.06664445184938354,0.0,0.0,0.9333555481506165,0.0,0.0,False,,0.0,0.0,0.0,d176ee30e6fc7a6824a7dbb7b84aa9ef49ea5e90,True,d46ffb6c4c5bf557,3.12.10,2.5.3,1.18.1
train,train-001,b3_rl_unsupervised,constant,0.635707,11.356611,1.163484,0.031168,1.8992038969280403,0.49163380042586025,1.184149143967528,1.8698211971888299,0.014305783652885973,0.8513590056747258,0.7042342825564301,0.0,0.5303333333333333,0.49401546332731455,0.7042342825564301,0.9999999999999841,11.356610999999997,1.0,0.0,0.0,0.0,0.0,0.0,False,,0.0,0.0,0.0,d176ee30e6fc7a6824a7dbb7b84aa9ef49ea5e90,True,d46ffb6c4c5bf557,3.12.10,2.5.3,1.18.1
train,train-001,b5_rl_supervised,constant,0.635707,11.356611,1.163484,0.031168,0.6954872456603386,0.3898402818132047,0.5961299344236204,0.6715057040579046,0.0048273149847328865,0.608060466081093,0.17437751114989278,0.0,0.6496666666666666,0.5218120285990941,0.17437751114989278,0.4599454573493101,5.22334719126958,0.06664445184938354,0.0,0.0,0.9333555481506165,0.0,0.0,False,,0.0,0.0,0.0,d176ee30e6fc7a6824a7dbb7b84aa9ef49ea5e90,True,d46ffb6c4c5bf557,3.12.10,2.5.3,1.18.1
train,train-002,b0_pid_ff,patches,0.590294,10.637595,1.429812,0.032479,3.5124000387377277,0.7928041247303949,1.9967522615832474,3.2370852893536353,0.02551165909648819,1.347177549179175,0.4870726972590759,0.0,0.636,0.5192522139984886,0.6865283124728384,0.9999999999999557,10.637595000000001,,,,,,,False,,0.0,0.0,0.0,d176ee30e6fc7a6824a7dbb7b84aa9ef49ea5e90,True,d46ffb6c4c5bf557,3.12.10,2.5.3,1.18.1
train,train-002,b1_pd_ff,patches,0.590294,10.637595,1.429812,0.032479,3.2239003682283314,0.7493779305802528,1.7932163497166074,2.998542497902975,0.02108622149038891,1.374137112684566,0.47963351366629003,0.0,0.661,0.525587533152009,0.6760427931923061,0.9999999999999557,10.637595000000001,,,,,,,False,,0.0,0.0,0.0,d176ee30e6fc7a6824a7dbb7b84aa9ef49ea5e90,True,d46ffb6c4c5bf557,3.12.10,2.5.3,1.18.1
train,train-002,b4_supervised,patches,0.590294,10.637595,1.429812,0.032479,0.9670987084655944,0.5108923198570042,0.7719485648569179,0.9060420716242714,0.006200115839099995,0.7863265881763651,0.13985834231840646,0.0,0.737,0.5431169397903298,0.14223012480743685,0.48654137409192555,5.175571564478509,0.06664445184938354,0.0,0.0,0.9333555481506165,0.0,0.0,False,,0.0,0.0,0.0,d176ee30e6fc7a6824a7dbb7b84aa9ef49ea5e90,True,d46ffb6c4c5bf557,3.12.10,2.5.3,1.18.1
train,train-002,b3_rl_unsupervised,patches,0.590294,10.637595,1.429812,0.032479,3.496706177238075,0.7931322142597983,2.016210627272155,3.221244092444439,0.02578744374795406,1.3392977525922973,0.4872346174250937,0.0,0.6306666666666667,0.5180830039464698,0.6867565387293234,0.9999999999999557,10.637595000000001,1.0,0.0,0.0,0.0,0.0,0.0,False,,0.0,0.0,0.0,d176ee30e6fc7a6824a7dbb7b84aa9ef49ea5e90,True,d46ffb6c4c5bf557,3.12.10,2.5.3,1.18.1
train,train-002,b5_rl_supervised,patches,0.590294,10.637595,1.429812,0.032479,0.9670987084655944,0.5108923198570042,0.7719485648569179,0.9060420716242714,0.006200115839099995,0.7863265881763651,0.13985834231840646,0.0,0.737,0.5431169397903298,0.14223012480743685,0.48654137409192555,5.175571564478509,0.06664445184938354,0.0,0.0,0.9333555481506165,0.0,0.0,False,,0.0,0.0,0.0,d176ee30e6fc7a6824a7dbb7b84aa9ef49ea5e90,True,d46ffb6c4c5bf557,3.12.10,2.5.3,1.18.1
train,train-003,b0_pid_ff,patches,0.623404,11.363161,1.141754,0.001302,1.9192279686069573,0.4239115415411317,1.135025499265439,1.8131127389658677,0.01413285303698536,0.8742531042021513,0.700535468791604,0.0,0.634,0.5197855495357026,0.7949560516445935,1.0000000000001144,11.363161000000003,,,,,,,False,,0.0,0.0,0.0,d176ee30e6fc7a6824a7dbb7b84aa9ef49ea5e90,True,d46ffb6c4c5bf557,3.12.10,2.5.3,1.18.1
train,train-003,b1_pd_ff,patches,0.623404,11.363161,1.141754,0.001302,1.5899286161161172,0.3959457673450974,1.0554532460071036,1.5213209944331627,0.013060904350904347,0.8541500976054947,0.7044763952800254,0.0,0.6623333333333333,0.5269081442854069,0.7890424993994228,1.0000000000001144,11.363161000000003,,,,,,,False,,0.0,0.0,0.0,d176ee30e6fc7a6824a7dbb7b84aa9ef49ea5e90,True,d46ffb6c4c5bf557,3.12.10,2.5.3,1.18.1
train,train-003,b4_supervised,patches,0.623404,11.363161,1.141754,0.001302,0.9346013535774559,0.3834555956843591,0.7341740462081393,0.8572100991137553,0.005672654952009885,0.6503599031872005,0.15434816639547216,0.0,0.729,0.5426939869583737,0.21333100251044393,0.4597209682529099,5.223808774408534,0.06664445184938354,0.0,0.0,0.9333555481506165,0.0,0.0,False,,0.0,0.0,0.0,d176ee30e6fc7a6824a7dbb7b84aa9ef49ea5e90,True,d46ffb6c4c5bf557,3.12.10,2.5.3,1.18.1
train,train-003,b3_rl_unsupervised,patches,0.623404,11.363161,1.141754,0.001302,1.9180235924318767,0.42184380381560355,1.1300117916442076,1.810886964665355,0.014117136739009004,0.8736353774058265,0.7001409742684774,0.0,0.6253333333333333,0.5183200657714024,0.7948182608635405,1.0000000000001144,11.363161000000003,1.0,0.0,0.0,0.0,0.0,0.0,False,,0.0,0.0,0.0,d176ee30e6fc7a6824a7dbb7b84aa9ef49ea5e90,True,d46ffb6c4c5bf557,3.12.10,2.5.3,1.18.1
train,train-003,b5_rl_supervised,patches,0.623404,11.363161,1.141754,0.001302,0.9346013535774559,0.3834555956843591,0.7341740462081393,0.8572100991137553,0.005672654952009885,0.6503599031872005,0.15434816639547216,0.0,0.729,0.5426939869583737,0.21333100251044393,0.4597209682529099,5.223808774408534,0.06664445184938354,0.0,0.0,0.9333555481506165,0.0,0.0,False,,0.0,0.0,0.0,d176ee30e6fc7a6824a7dbb7b84aa9ef49ea5e90,True,d46ffb6c4c5bf557,3.12.10,2.5.3,1.18.1
train,train-004,b0_pid_ff,step,0.324596,8.562976,1.280186,0.007339,0.5272564634848916,0.1363310490987424,0.3051366895356844,0.48313771303507047,0.011006425762717216,1.1690508861725797,0.4054187352488057,0.0,0.5536666666666666,0.4980116524259443,0.4054187352488057,0.999999999999977,8.562976000000003,,,,,,,False,,0.0,0.0,0.0,d176ee30e6fc7a6824a7dbb7b84aa9ef49ea5e90,True,d46ffb6c4c5bf557,3.12.10,2.5.3,1.18.1
train,train-004,b1_pd_ff,step,0.324596,8.562976,1.280186,0.007339,0.8527643955262911,0.26135460320621395,0.6075757774612156,0.8169911934380849,0.010669966840466689,1.1563368644946908,0.4055326329479619,0.0,0.5843333333333334,0.5065770040406112,0.4055326329479619,0.999999999999977,8.562976000000003,,,,,,,False,,0.0,0.0,0.0,d176ee30e6fc7a6824a7dbb7b84aa9ef49ea5e90,True,d46ffb6c4c5bf557,3.12.10,2.5.3,1.18.1
train,train-004,b4_supervised,step,0.324596,8.562976,1.280186,0.007339,0.6695613711877958,0.3329614274576012,0.5584868180857868,0.6535700615062828,0.004985953692895799,0.5604205716641281,0.17242059960803022,0.0,0.6636666666666666,0.525462859114892,0.17903208057927358,0.5920761336557299,5.069910419193602,0.06664445184938354,0.0,0.0,0.9333555481506165,0.0,0.0,False,,0.0,0.0,0.0,d176ee30e6fc7a6824a7dbb7b84aa9ef49ea5e90,True,d46ffb6c4c5bf557,3.12.10,2.5.3,1.18.1
train,train-004,b3_rl_unsupervised,step,0.324596,8.562976,1.280186,0.007339,0.5176888417159887,0.13496032621700182,0.30061692792058725,0.47559796562876877,0.01100159813815177,1.16886827497618,0.40587081301035766,0.0,0.5506666666666666,0.4973414546835254,0.40587081301035766,0.999999999999977,8.562976000000003,1.0,0.0,0.0,0.0,0.0,0.0,False,,0.0,0.0,0.0,d176ee30e6fc7a6824a7dbb7b84aa9ef49ea5e90,True,d46ffb6c4c5bf557,3.12.10,2.5.3,1.18.1
train,train-004,b5_rl_supervised,step,0.324596,8.562976,1.280186,0.007339,0.6695613711877958,0.3329614274576012,0.5584868180857868,0.6535700615062828,0.004985953692895799,0.5604205716641281,0.17242059960803022,0.0,0.6636666666666666,0.525462859114892,0.17903208057927358,0.5920761336557299,5.069910419193602,0.06664445184938354,0.0,0.0,0.9333555481506165,0.0,0.0,False,,0.0,0.0,0.0,d176ee30e6fc7a6824a7dbb7b84aa9ef49ea5e90,True,d46ffb6c4c5bf557,3.12.10,2.5.3,1.18.1
train,train-005,b0_pid_ff,constant,0.490965,11.097286,1.021429,0.05151,2.075131431320007,0.5013974128745465,1.2978700195104929,1.9058586777828481,0.020222519798229047,1.4053360733661076,0.5406774413243081,0.0,0.41833333333333333,0.46125658560098676,0.5406774413243081,1.0000000000000357,11.097285999999999,,,,,,,False,,0.0,0.0,0.0,d176ee30e6fc7a6824a7dbb7b84aa9ef49ea5e90,True,d46ffb6c4c5bf557,3.12.10,2.5.3,1.18.1
train,train-005,b1_pd_ff,constant,0.490965,11.097286,1.021429,0.05151,1.7897072831244163,0.4857009783253101,1.1390901073917858,1.6395559037596052,0.017624952032855103,1.423306019093213,0.5417998616061569,0.0,0.46366666666666667,0.4732726397806538,0.5417998616061569,1.0000000000000357,11.097285999999999,,,,,,,False,,0.0,0.0,0.0,d176ee30e6fc7a6824a7dbb7b84aa9ef49ea5e90,True,d46ffb6c4c5bf557,3.12.10,2.5.3,1.18.1
train,train-005,b4_supervised,constant,0.490965,11.097286,1.021429,0.05151,0.9022915321632685,0.5097422290017614,0.8300733748665001,0.8873598356540698,0.004887073304279487,0.7509663333536808,0.12272844215441384,0.0,0.5413333333333333,0.49522137086097556,0.12272844215441384,0.469080730129279,5.205454534488506,0.06664445184938354,0.0,0.0,0.9333555481506165,0.0,0.0,False,,0.0,0.0,0.0,d176ee30e6fc7a6824a7dbb7b84aa9ef49ea5e90,True,d46ffb6c4c5bf557,3.12.10,2.5.3,1.18.1
train,train-005,b3_rl_unsupervised,constant,0.490965,11.097286,1.021429,0.05151,2.070200861195962,0.5022812144243751,1.2982464786732695,1.9141112411349728,0.02040267178460678,1.4044889216382321,0.5408989650208339,0.0,0.416,0.46043011408229945,0.5408989650208339,1.0000000000000357,11.097285999999999,1.0,0.0,0.0,0.0,0.0,0.0,False,,0.0,0.0,0.0,d176ee30e6fc7a6824a7dbb7b84aa9ef49ea5e90,True,d46ffb6c4c5bf557,3.12.10,2.5.3,1.18.1
train,train-005,b5_rl_supervised,constant,0.490965,11.097286,1.021429,0.05151,0.9022915321632685,0.5097422290017614,0.8300733748665001,0.8873598356540698,0.004887073304279487,0.7509663333536808,0.12272844215441384,0.0,0.5413333333333333,0.49522137086097556,0.12272844215441384,0.469080730129279,5.205454534488506,0.06664445184938354,0.0,0.0,0.9333555481506165,0.0,0.0,False,,0.0,0.0,0.0,d176ee30e6fc7a6824a7dbb7b84aa9ef49ea5e90,True,d46ffb6c4c5bf557,3.12.10,2.5.3,1.18.1
train,train-006,b0_pid_ff,step,0.453623,10.58891,1.332062,0.054775,151.21059323825665,15.530566610075311,7.497045719433981,129.47369449560838,0.10131281562481294,2.4412964430235697,0.823618962361512,0.0,0.6174597227426002,0.5159357989150654,0.823618962361512,0.8900000000000304,10.58891,,,,,,,True,26.7,0.0,0.0,0.0,d176ee30e6fc7a6824a7dbb7b84aa9ef49ea5e90,True,d46ffb6c4c5bf557,3.12.10,2.5.3,1.18.1
train,train-006,b1_pd_ff,step,0.453623,10.58891,1.332062,0.054775,3.487893725363734,0.763077074598714,1.9595005567617656,3.2567600929600844,0.020694509011736396,0.9843541633490126,0.5640728254067606,0.0,0.5646666666666667,0.5034667047999666,0.5640728254067606,1.0000000000000409,10.58891,,,,,,,False,,0.0,0.0,0.0,d176ee30e6fc7a6824a7dbb7b84aa9ef49ea5e90,True,d46ffb6c4c5bf557,3.12.10,2.5.3,1.18.1
train,train-006,b4_supervised,step,0.453623,10.58891,1.332062,0.054775,0.6322587430879008,0.32068866463206996,0.5603675301552951,0.6212573682167449,0.006921077154090474,0.6180511481059563,0.1798752943324957,0.0,0.6863333333333334,0.5319536004638198,0.2018146861079702,0.4884924340654406,5.172544905031659,0.06664445184938354,0.0,0.0,0.9333555481506165,0.0,0.0,False,,0.0,0.0,0.0,d176ee30e6fc7a6824a7dbb7b84aa9ef49ea5e90,True,d46ffb6c4c5bf557,3.12.10,2.5.3,1.18.1
train,train-006,b3_rl_unsupervised,step,0.453623,10.58891,1.332062,0.054775,9.86406971793301,1.474948155498714,2.6428278817113693,8.706941833513167,0.07041015306920788,1.7291990420997172,0.6552550479418596,0.0,0.595,0.5102832298238341,0.6552550479418596,1.0000000000000409,10.58891,1.0,0.0,0.0,0.0,0.0,0.0,False,,0.0,0.0,0.0,d176ee30e6fc7a6824a7dbb7b84aa9ef49ea5e90,True,d46ffb6c4c5bf557,3.12.10,2.5.3,1.18.1
train,train-006,b5_rl_supervised,step,0.453623,10.58891,1.332062,0.054775,0.6322587430879008,0.32068866463206996,0.5603675301552951,0.6212573682167449,0.006921077154090474,0.6180511481059563,0.1798752943324957,0.0,0.6863333333333334,0.5319536004638198,0.2018146861079702,0.4884924340654406,5.172544905031659,0.06664445184938354,0.0,0.0,0.9333555481506165,0.0,0.0,False,,0.0,0.0,0.0,d176ee30e6fc7a6824a7dbb7b84aa9ef49ea5e90,True,d46ffb6c4c5bf557,3.12.10,2.5.3,1.18.1
train,train-007,b0_pid_ff,ramp,0.389552,9.62222,1.268071,0.030792,0.9958638970747108,0.2883209622649389,0.6592699459819586,0.908911872665421,0.01370403017566669,0.8475497380539846,0.47117807550123186,0.0,0.7,0.5367265498793765,0.47117807550123186,0.9999999999999982,9.62222,,,,,,,False,,0.0,0.0,0.0,d176ee30e6fc7a6824a7dbb7b84aa9ef49ea5e90,True,d46ffb6c4c5bf557,3.12.10,2.5.3,1.18.1
train,train-007,b1_pd_ff,ramp,0.389552,9.62222,1.268071,0.030792,1.023258875570174,0.28831997711851554,0.6604211266647443,0.9310600279482238,0.0128737504137647,0.8137095995129906,0.47548200384492695,0.0,0.7283333333333334,0.5429211578367722,0.47548200384492695,0.9999999999999982,9.62222,,,,,,,False,,0.0,0.0,0.0,d176ee30e6fc7a6824a7dbb7b84aa9ef49ea5e90,True,d46ffb6c4c5bf557,3.12.10,2.5.3,1.18.1
train,train-007,b4_supervised,ramp,0.389552,9.62222,1.268071,0.030792,0.7546231062533675,0.3486472659918294,0.6037745747864999,0.7370183586507808,0.007185666043648697,0.5934944751173847,0.20296493083780867,0.0,0.7806666666666666,0.5543491982416127,0.20296493083780867,0.5318859847311772,5.117884665111631,0.06664445184938354,0.0,0.0,0.9333555481506165,0.0,0.0,False,,0.0,0.0,0.0,d176ee30e6fc7a6824a7dbb7b84aa9ef49ea5e90,True,d46ffb6c4c5bf557,3.12.10,2.5.3,1.18.1
train,train-007,b3_rl_unsupervised,ramp,0.389552,9.62222,1.268071,0.030792,1.001199095661299,0.28671031561116544,0.6512543529649115,0.9113961134092243,0.01365822738870422,0.8485088982151497,0.47015871989416924,0.0,0.6956666666666667,0.5354417825043722,0.47015871989416924,0.9999999999999982,9.62222,1.0,0.0,0.0,0.0,0.0,0.0,False,,0.0,0.0,0.0,d176ee30e6fc7a6824a7dbb7b84aa9ef49ea5e90,True,d46ffb6c4c5bf557,3.12.10,2.5.3,1.18.1
train,train-007,b5_rl_supervised,ramp,0.389552,9.62222,1.268071,0.030792,0.7546231062533675,0.3486472659918294,0.6037745747864999,0.7370183586507808,0.007185666043648697,0.5934944751173847,0.20296493083780867,0.0,0.7806666666666666,0.5543491982416127,0.20296493083780867,0.5318859847311772,5.117884665111631,0.06664445184938354,0.0,0.0,0.9333555481506165,0.0,0.0,False,,0.0,0.0,0.0,d176ee30e6fc7a6824a7dbb7b84aa9ef49ea5e90,True,d46ffb6c4c5bf557,3.12.10,2.5.3,1.18.1
train,train-008,b0_pid_ff,constant,0.333639,8.657307,1.313884,0.021443,0.29849682034691966,0.09841036964895593,0.26832311341889026,0.2955364892189855,0.00899882468025884,1.0157582200143458,0.35550045332887364,0.0,0.0,0.14902341252656076,0.35550045332887364,0.9999999999999523,8.657307000000001,,,,,,,False,,0.0,0.0,0.0,d176ee30e6fc7a6824a7dbb7b84aa9ef49ea5e90,True,d46ffb6c4c5bf557,3.12.10,2.5.3,1.18.1
train,train-008,b1_pd_ff,constant,0.333639,8.657307,1.313884,0.021443,0.6311565943742212,0.18823283376934818,0.506418539015667,0.6108411785069215,0.009596528546147618,1.0353213672994175,0.3568913372009146,0.0,0.0,0.1412074778327133,0.3568913372009146,0.9999999999999523,8.657307000000001,,,,,,,False,,0.0,0.0,0.0,d176ee30e6fc7a6824a7dbb7b84aa9ef49ea5e90,True,d46ffb6c4c5bf557,3.12.10,2.5.3,1.18.1
train,train-008,b4_supervised,constant,0.333639,8.657307,1.313884,0.021443,0.4656414832385514,0.2910022628162817,0.44977944500048367,0.4606333762542282,0.0010401202753131508,0.3475603658645411,0.06371767595879843,0.0,0.005666666666666667,0.2097451244545286,0.06371767595879843,0.5860600048414044,5.073676823392202,0.06664445184938354,0.0,0.0,0.9333555481506165,0.0,0.0,False,,0.0,0.0,0.0,d176ee30e6fc7a6824a7dbb7b84aa9ef49ea5e90,True,d46ffb6c4c5bf557,3.12.10,2.5.3,1.18.1
train,train-008,b3_rl_unsupervised,constant,0.333639,8.657307,1.313884,0.021443,0.3001643544541415,0.09873554239734085,0.26994244140131723,0.2976374151759683,0.008992138131894223,1.015028393608276,0.35573180465242443,0.0,0.0,0.14849362529176072,0.35573180465242443,0.9999999999999523,8.657307000000001,1.0,0.0,0.0,0.0,0.0,0.0,False,,0.0,0.0,0.0,d176ee30e6fc7a6824a7dbb7b84aa9ef49ea5e90,True,d46ffb6c4c5bf557,3.12.10,2.5.3,1.18.1
train,train-008,b5_rl_supervised,constant,0.333639,8.657307,1.313884,0.021443,0.4656414832385514,0.2910022628162817,0.44977944500048367,0.4606333762542282,0.0010401202753131508,0.3475603658645411,0.06371767595879843,0.0,0.005666666666666667,0.2097451244545286,0.06371767595879843,0.5860600048414044,5.073676823392202,0.06664445184938354,0.0,0.0,0.9333555481506165,0.0,0.0,False,,0.0,0.0,0.0,d176ee30e6fc7a6824a7dbb7b84aa9ef49ea5e90,True,d46ffb6c4c5bf557,3.12.10,2.5.3,1.18.1
train,train-009,b0_pid_ff,constant,0.796946,9.663359,1.003443,0.047742,1.7197502498531574,0.5094743228289281,1.241261903231373,1.6866936483664177,0.022021643114666187,2.5432345687058624,0.6280198275983968,0.0,0.37033333333333335,0.44444407195480284,0.6280198275983968,1.0000000000000584,9.663358999999998,,,,,,,False,,0.0,0.0,0.0,d176ee30e6fc7a6824a7dbb7b84aa9ef49ea5e90,True,d46ffb6c4c5bf557,3.12.10,2.5.3,1.18.1
train,train-009,b1_pd_ff,constant,0.796946,9.663359,1.003443,0.047742,2.334668184134354,0.6922325910608202,1.9145464400703798,2.2839635456094243,0.021369872009577285,2.5581022074030586,0.6288180894022112,0.0,0.4126666666666667,0.45822780552760034,0.6288180894022112,1.0000000000000584,9.663358999999998,,,,,,,False,,0.0,0.0,0.0,d176ee30e6fc7a6824a7dbb7b84aa9ef49ea5e90,True,d46ffb6c4c5bf557,3.12.10,2.5.3,1.18.1
train,train-009,b4_supervised,constant,0.796946,9.663359,1.003443,0.047742,1.0184106115161369,0.6324957801072394,0.9367798251152684,0.9973364521278955,0.0035577746661712957,1.0122972157925834,0.10456117276518924,0.0,0.361,0.44402791445387746,0.10456117276518924,0.5298406294333101,5.120000214928358,0.06664445184938354,0.0,0.0,0.9333555481506165,0.0,0.0,False,,0.0,0.0,0.0,d176ee30e6fc7a6824a7dbb7b84aa9ef49ea5e90,True,d46ffb6c4c5bf557,3.12.10,2.5.3,1.18.1
train,train-009,b3_rl_unsupervised,constant,0.796946,9.663359,1.003443,0.047742,1.7196186818048729,0.5083271859682252,1.2437742159882286,1.688233731270681,0.02201644406808159,2.542768035964107,0.627967623032498,0.0,0.36866666666666664,0.4438961280999168,0.627967623032498,1.0000000000000584,9.663358999999998,1.0,0.0,0.0,0.0,0.0,0.0,False,,0.0,0.0,0.0,d176ee30e6fc7a6824a7dbb7b84aa9ef49ea5e90,True,d46ffb6c4c5bf557,3.12.10,2.5.3,1.18.1
train,train-009,b5_rl_supervised,constant,0.796946,9.663359,1.003443,0.047742,1.0184106115161369,0.6324957801072394,0.9367798251152684,0.9973364521278955,0.0035577746661712957,1.0122972157925834,0.10456117276518924,0.0,0.361,0.44402791445387746,0.10456117276518924,0.5298406294333101,5.120000214928358,0.06664445184938354,0.0,0.0,0.9333555481506165,0.0,0.0,False,,0.0,0.0,0.0,d176ee30e6fc7a6824a7dbb7b84aa9ef49ea5e90,True,d46ffb6c4c5bf557,3.12.10,2.5.3,1.18.1
train,train-010,b0_pid_ff,constant,0.79492,11.217217,1.207323,0.030059,150.97556007577242,13.713579275862871,16.111611180542322,101.63264468692668,0.13159382773531292,4.960563829943608,0.9791555601138033,0.022846441947565542,0.6208317721993256,0.5178771954633642,0.9791555601138033,0.8900000000000284,11.217217000000002,,,,,,,True,26.7,0.0,0.0,0.0,d176ee30e6fc7a6824a7dbb7b84aa9ef49ea5e90,True,d46ffb6c4c5bf557,3.12.10,2.5.3,1.18.1
train,train-010,b1_pd_ff,constant,0.79492,11.217217,1.207323,0.030059,3.4187986443687937,1.0577440129191535,2.7370487158660652,3.3937437771119807,0.03384771497401104,1.6693587326130823,0.8638729858400023,0.0,0.6193333333333333,0.5168579775459455,0.8638729858400023,1.0000000000000364,11.217217000000003,,,,,,,False,,0.0,0.0,0.0,d176ee30e6fc7a6824a7dbb7b84aa9ef49ea5e90,True,d46ffb6c4c5bf557,3.12.10,2.5.3,1.18.1
train,train-010,b4_supervised,constant,0.79492,11.217217,1.207323,0.030059,0.9154417283695812,0.5546903933875127,0.8218707746035049,0.8989621057251904,0.005438581793684485,0.7888093649193039,0.2307637224048668,0.0,0.671,0.529100373336511,0.2307637224048668,0.4647951424136712,5.213636760746421,0.06664445184938354,0.0,0.0,0.9333555481506165,0.0,0.0,False,,0.0,0.0,0.0,d176ee30e6fc7a6824a7dbb7b84aa9ef49ea5e90,True,d46ffb6c4c5bf557,3.12.10,2.5.3,1.18.1
train,train-010,b3_rl_unsupervised,constant,0.79492,11.217217,1.207323,0.030059,152.4715243967057,13.728172719703336,16.480868322524156,117.37853098239258,0.08533412742757951,3.41223275439372,0.9601825063242762,0.008089368258859784,0.6107899807321773,0.5154326343384098,0.9601825063242762,0.8653333333333599,11.217217000000003,1.0,0.0,0.0,0.0,0.0,0.0,True,25.96,0.0,0.0,0.0,d176ee30e6fc7a6824a7dbb7b84aa9ef49ea5e90,True,d46ffb6c4c5bf557,3.12.10,2.5.3,1.18.1
train,train-010,b5_rl_supervised,constant,0.79492,11.217217,1.207323,0.030059,0.9154417283695812,0.5546903933875127,0.8218707746035049,0.8989621057251904,0.005438581793684485,0.7888093649193039,0.2307637224048668,0.0,0.671,0.529100373336511,0.2307637224048668,0.4647951424136712,5.213636760746421,0.06664445184938354,0.0,0.0,0.9333555481506165,0.0,0.0,False,,0.0,0.0,0.0,d176ee30e6fc7a6824a7dbb7b84aa9ef49ea5e90,True,d46ffb6c4c5bf557,3.12.10,2.5.3,1.18.1
train,train-011,b0_pid_ff,constant,0.318557,10.570036,1.017427,0.005132,0.2989488265436317,0.10179522583005633,0.20200465870576015,0.2663120634833058,0.007179821101255137,0.4184035639302601,0.5195585582755939,0.0,0.5066666666666667,0.48590061890020264,0.5195585582755939,0.9999999999999609,10.570036,,,,,,,False,,0.0,0.0,0.0,d176ee30e6fc7a6824a7dbb7b84aa9ef49ea5e90,True,d46ffb6c4c5bf557,3.12.10,2.5.3,1.18.1
train,train-011,b1_pd_ff,constant,0.318557,10.570036,1.017427,0.005132,0.5118319443729279,0.1399321395865463,0.29878306049274694,0.45954322931590613,0.006415042723525166,0.4075481165288171,0.5195317236161876,0.0,0.47933333333333333,0.47852614237471797,0.5195317236161876,0.9999999999999609,10.570036,,,,,,,False,,0.0,0.0,0.0,d176ee30e6fc7a6824a7dbb7b84aa9ef49ea5e90,True,d46ffb6c4c5bf557,3.12.10,2.5.3,1.18.1
train,train-011,b4_supervised,constant,0.318557,10.570036,1.017427,0.005132,0.43752055098902914,0.14424239927927385,0.27212886644649786,0.38965693702598103,0.005557117616102162,0.4160698198995006,0.3300598098115398,0.0,0.63,0.5181230786305883,0.3300598098115398,0.4892542989762101,5.171378427190938,0.06664445184938354,0.0,0.0,0.9333555481506165,0.0,0.0,False,,0.0,0.0,0.0,d176ee30e6fc7a6824a7dbb7b84aa9ef49ea5e90,True,d46ffb6c4c5bf557,3.12.10,2.5.3,1.18.1
train,train-011,b3_rl_unsupervised,constant,0.318557,10.570036,1.017427,0.005132,0.29220051492583077,0.10099812218223847,0.19989927704797936,0.2649744856901305,0.007108202446032947,0.41787759749077935,0.5194565332355607,0.0,0.49833333333333335,0.48370764303866526,0.5194565332355607,0.9999999999999609,10.570036,1.0,0.0,0.0,0.0,0.0,0.0,False,,0.0,0.0,0.0,d176ee30e6fc7a6824a7dbb7b84aa9ef49ea5e90,True,d46ffb6c4c5bf557,3.12.10,2.5.3,1.18.1
train,train-011,b5_rl_supervised,constant,0.318557,10.570036,1.017427,0.005132,0.43752055098902914,0.14424239927927385,0.27212886644649786,0.38965693702598103,0.005557117616102162,0.4160698198995006,0.3300598098115398,0.0,0.63,0.5181230786305883,0.3300598098115398,0.4892542989762101,5.171378427190938,0.06664445184938354,0.0,0.0,0.9333555481506165,0.0,0.0,False,,0.0,0.0,0.0,d176ee30e6fc7a6824a7dbb7b84aa9ef49ea5e90,True,d46ffb6c4c5bf557,3.12.10,2.5.3,1.18.1
train,train-012,b0_pid_ff,constant,0.58342,9.424924,1.147628,0.004873,1.1824323705460444,0.3484841070606294,0.8186877441489302,1.1221791570094912,0.018971020702169963,2.0101712019342095,0.6632844275038516,0.0,0.6013333333333334,0.5136770084339156,0.6632844275038516,1.0000000000000249,9.424924000000004,,,,,,,False,,0.0,0.0,0.0,d176ee30e6fc7a6824a7dbb7b84aa9ef49ea5e90,True,d46ffb6c4c5bf557,3.12.10,2.5.3,1.18.1
train,train-012,b1_pd_ff,constant,0.58342,9.424924,1.147628,0.004873,1.5356620789138105,0.41161340452813266,1.1288907028745447,1.462989535649977,0.018188361140226664,1.9731953323602682,0.6586308583314172,0.0,0.64,0.5235380448133262,0.6586308583314172,1.0000000000000249,9.424924000000004,,,,,,,False,,0.0,0.0,0.0,d176ee30e6fc7a6824a7dbb7b84aa9ef49ea5e90,True,d46ffb6c4c5bf557,3.12.10,2.5.3,1.18.1
train,train-012,b4_supervised,constant,0.58342,9.424924,1.147628,0.004873,1.3134670047208803,0.648433327337779,1.114502766416332,1.2758701767206126,0.006618945859157921,0.9365170117223107,0.16087340845932133,0.0,0.7213333333333334,0.5410541036110094,0.16087340845932133,0.5419716144130031,5.10800527424192,0.06664445184938354,0.0,0.0,0.9333555481506165,0.0,0.0,False,,0.0,0.0,0.0,d176ee30e6fc7a6824a7dbb7b84aa9ef49ea5e90,True,d46ffb6c4c5bf557,3.12.10,2.5.3,1.18.1
train,train-012,b3_rl_unsupervised,constant,0.58342,9.424924,1.147628,0.004873,1.1768740331649845,0.3465894506469206,0.8251106143198083,1.117042938211363,0.01894415020782411,2.009621496321263,0.6627796667538359,0.0,0.5933333333333334,0.5117006109343614,0.6627796667538359,1.0000000000000249,9.424924000000004,1.0,0.0,0.0,0.0,0.0,0.0,False,,0.0,0.0,0.0,d176ee30e6fc7a6824a7dbb7b84aa9ef49ea5e90,True,d46ffb6c4c5bf557,3.12.10,2.5.3,1.18.1
train,train-012,b5_rl_supervised,constant,0.58342,9.424924,1.147628,0.004873,1.3134670047208803,0.648433327337779,1.114502766416332,1.2758701767206126,0.006618945859157921,0.9365170117223107,0.16087340845932133,0.0,0.7213333333333334,0.5410541036110094,0.16087340845932133,0.5419716144130031,5.10800527424192,0.06664445184938354,0.0,0.0,0.9333555481506165,0.0,0.0,False,,0.0,0.0,0.0,d176ee30e6fc7a6824a7dbb7b84aa9ef49ea5e90,True,d46ffb6c4c5bf557,3.12.10,2.5.3,1.18.1
train,train-013,b0_pid_ff,patches,0.450306,11.094952,1.456082,0.004283,1.822341548898284,0.4105072133079553,1.0271013250282002,1.7194439151653096,0.011846944909659863,0.694761411399416,0.520528570456135,0.0,0.30133333333333334,0.42260101327619626,0.520528570456135,0.9999999999999873,11.094952000000003,,,,,,,False,,0.0,0.0,0.0,d176ee30e6fc7a6824a7dbb7b84aa9ef49ea5e90,True,d46ffb6c4c5bf557,3.12.10,2.5.3,1.18.1
train,train-013,b1_pd_ff,patches,0.450306,11.094952,1.456082,0.004283,1.552736836297667,0.4022392883000157,1.062740000504811,1.497318076678816,0.010792005116478102,0.6649985491352849,0.5212892570426217,0.0,0.347,0.43930762258007094,0.5212892570426217,0.9999999999999873,11.094952000000003,,,,,,,False,,0.0,0.0,0.0,d176ee30e6fc7a6824a7dbb7b84aa9ef49ea5e90,True,d46ffb6c4c5bf557,3.12.10,2.5.3,1.18.1
train,train-013,b4_supervised,patches,0.450306,11.094952,1.456082,0.004283,0.5826619712148676,0.2811491670135943,0.46496007003509493,0.5436069805866931,0.0031205213777927344,0.45544342752924555,0.10694642751981571,0.0,0.4656666666666667,0.47353003087495643,0.12709671362039596,0.46916517397580587,5.205296653115631,0.06664445184938354,0.0,0.0,0.9333555481506165,0.0,0.0,False,,0.0,0.0,0.0,d176ee30e6fc7a6824a7dbb7b84aa9ef49ea5e90,True,d46ffb6c4c5bf557,3.12.10,2.5.3,1.18.1
train,train-013,b3_rl_unsupervised,patches,0.450306,11.094952,1.456082,0.004283,1.8251872195007302,0.4090302678019487,1.0206208213470525,1.7208301658939802,0.011882440246955483,0.6945425007657253,0.5209397118722358,0.0,0.291,0.4192669102084473,0.5209397118722358,0.9999999999999873,11.094952000000003,1.0,0.0,0.0,0.0,0.0,0.0,False,,0.0,0.0,0.0,d176ee30e6fc7a6824a7dbb7b84aa9ef49ea5e90,True,d46ffb6c4c5bf557,3.12.10,2.5.3,1.18.1
train,train-013,b5_rl_supervised,patches,0.450306,11.094952,1.456082,0.004283,0.5826619712148676,0.2811491670135943,0.46496007003509493,0.5436069805866931,0.0031205213777927344,0.45544342752924555,0.10694642751981571,0.0,0.4656666666666667,0.47353003087495643,0.12709671362039596,0.46916517397580587,5.205296653115631,0.06664445184938354,0.0,0.0,0.9333555481506165,0.0,0.0,False,,0.0,0.0,0.0,d176ee30e6fc7a6824a7dbb7b84aa9ef49ea5e90,True,d46ffb6c4c5bf557,3.12.10,2.5.3,1.18.1
train,train-014,b0_pid_ff,constant,0.772148,10.370083,1.174165,0.036136,3.780944607397845,0.7887312753635226,1.6789949384144163,3.6178378310095862,0.0276715161073176,1.1454654385292742,0.8950549030511372,0.0,0.696,0.5337645270187711,0.8950549030511372,0.9999999999999196,10.370082999999997,,,,,,,False,,0.0,0.0,0.0,d176ee30e6fc7a6824a7dbb7b84aa9ef49ea5e90,True,d46ffb6c4c5bf557,3.12.10,2.5.3,1.18.1
train,train-014,b1_pd_ff,constant,0.772148,10.370083,1.174165,0.036136,3.9970334378273,1.1214867238361705,3.056802534415287,3.9287086139127485,0.02795127668440886,1.0532673570774702,0.8853478461425497,0.0,0.6766666666666666,0.5289609988160177,0.8853478461425497,0.9999999999999196,10.370082999999997,,,,,,,False,,0.0,0.0,0.0,d176ee30e6fc7a6824a7dbb7b84aa9ef49ea5e90,True,d46ffb6c4c5bf557,3.12.10,2.5.3,1.18.1
train,train-014,b4_supervised,constant,0.772148,10.370083,1.174165,0.036136,0.8999128091071227,0.4077454305941042,0.7530858855051795,0.8926721669673563,0.008226133533175323,0.7319247844387504,0.3041580948480759,0.0,0.7673333333333333,0.5510385800437569,0.3041580948480759,0.49751915701475247,5.159261865044987,0.06664445184938354,0.0,0.0,0.9333555481506165,0.0,0.0,False,,0.0,0.0,0.0,d176ee30e6fc7a6824a7dbb7b84aa9ef49ea5e90,True,d46ffb6c4c5bf557,3.12.10,2.5.3,1.18.1
train,train-014,b3_rl_unsupervised,constant,0.772148,10.370083,1.174165,0.036136,3.6910346079929877,0.7777602982861181,1.6396973710927631,3.532194189356129,0.027312372314457403,1.1394346130446473,0.8934840105989935,0.0,0.69,0.5325281968065545,0.8934840105989935,0.9999999999999196,10.370082999999997,1.0,0.0,0.0,0.0,0.0,0.0,False,,0.0,0.0,0.0,d176ee30e6fc7a6824a7dbb7b84aa9ef49ea5e90,True,d46ffb6c4c5bf557,3.12.10,2.5.3,1.18.1
train,train-014,b5_rl_supervised,constant,0.772148,10.370083,1.174165,0.036136,0.8999128091071227,0.4077454305941042,0.7530858855051795,0.8926721669673563,0.008226133533175323,0.7319247844387504,0.3041580948480759,0.0,0.7673333333333333,0.5510385800437569,0.3041580948480759,0.49751915701475247,5.159261865044987,0.06664445184938354,0.0,0.0,0.9333555481506165,0.0,0.0,False,,0.0,0.0,0.0,d176ee30e6fc7a6824a7dbb7b84aa9ef49ea5e90,True,d46ffb6c4c5bf557,3.12.10,2.5.3,1.18.1
train,train-015,b0_pid_ff,ramp,0.610999,8.166944,1.309717,0.02283,1.0446796765451514,0.25574507835667964,0.6560526803276969,1.0026091400923385,0.014241621928302526,1.4807223434712784,0.7086560199636701,0.0,0.5816666666666667,0.5090746035474601,0.70865601996367,1.0000000000001108,8.166944,,,,,,,False,,0.0,0.0,0.0,d176ee30e6fc7a6824a7dbb7b84aa9ef49ea5e90,True,d46ffb6c4c5bf557,3.12.10,2.5.3,1.18.1
train,train-015,b1_pd_ff,ramp,0.610999,8.166944,1.309717,0.02283,1.1361884051459323,0.3690325641316671,0.897289297519091,1.1035100954440684,0.014932862402611812,1.4672140279875145,0.7100411602125013,0.0,0.5866666666666667,0.5089633071629273,0.7100411602125012,1.0000000000001108,8.166944,,,,,,,False,,0.0,0.0,0.0,d176ee30e6fc7a6824a7dbb7b84aa9ef49ea5e90,True,d46ffb6c4c5bf557,3.12.10,2.5.3,1.18.1
train,train-015,b4_supervised,ramp,0.610999,8.166944,1.309717,0.02283,2.991845165104055,0.8678310939085381,2.36455246288297,2.9533131461208533,0.010786945864631428,2.082279526640279,0.3595628616388348,0.0,0.707,0.5359877531318562,0.3595628616388347,0.6189822092572465,5.055174648450516,0.06664445184938354,0.0,0.0,0.9333555481506165,0.0,0.0,False,,0.0,0.0,0.0,d176ee30e6fc7a6824a7dbb7b84aa9ef49ea5e90,True,d46ffb6c4c5bf557,3.12.10,2.5.3,1.18.1
train,train-015,b3_rl_unsupervised,ramp,0.610999,8.166944,1.309717,0.02283,1.0316377739181168,0.25333788106870375,0.6488030957552015,0.9934922718653986,0.014210825320331766,1.4811108571572777,0.7089159325671904,0.0,0.578,0.5071948816890922,0.7089159325671903,1.0000000000001108,8.166944,1.0,0.0,0.0,0.0,0.0,0.0,False,,0.0,0.0,0.0,d176ee30e6fc7a6824a7dbb7b84aa9ef49ea5e90,True,d46ffb6c4c5bf557,3.12.10,2.5.3,1.18.1
train,train-015,b5_rl_supervised,ramp,0.610999,8.166944,1.309717,0.02283,2.991845165104055,0.8678310939085381,2.36455246288297,2.9533131461208533,0.010786945864631428,2.082279526640279,0.3595628616388348,0.0,0.707,0.5359877531318562,0.3595628616388347,0.6189822092572465,5.055174648450516,0.06664445184938354,0.0,0.0,0.9333555481506165,0.0,0.0,False,,0.0,0.0,0.0,d176ee30e6fc7a6824a7dbb7b84aa9ef49ea5e90,True,d46ffb6c4c5bf557,3.12.10,2.5.3,1.18.1
train,train-016,b0_pid_ff,patches,0.306076,9.275958,1.182357,0.035045,0.42243468416819363,0.14435545055324034,0.36905209170837183,0.4096627961608832,0.009539769116439945,1.0626533383895165,0.325131784053936,0.0,0.0,0.15641810326143707,0.325131784053936,1.0000000000000384,9.275958000000001,,,,,,,False,,0.0,0.0,0.0,d176ee30e6fc7a6824a7dbb7b84aa9ef49ea5e90,True,d46ffb6c4c5bf557,3.12.10,2.5.3,1.18.1
train,train-016,b1_pd_ff,patches,0.306076,9.275958,1.182357,0.035045,0.7031723830088508,0.24645797500996605,0.6561977650208035,0.6945382801962623,0.009126720900981338,1.0568012768284187,0.32725516551757167,0.0,0.0,0.17212977387938855,0.32725516551757167,1.0000000000000384,9.275958000000001,,,,,,,False,,0.0,0.0,0.0,d176ee30e6fc7a6824a7dbb7b84aa9ef49ea5e90,True,d46ffb6c4c5bf557,3.12.10,2.5.3,1.18.1
train,train-016,b4_supervised,patches,0.306076,9.275958,1.182357,0.035045,2.613372611842127,0.69760266614005,2.031394637026861,2.5957329639112183,0.004920863730708198,1.7000159999554847,0.11659830002097187,0.0,0.006666666666666667,0.2151005113678327,0.11659830002097187,0.5499017293236226,5.100831734755083,0.06664445184938354,0.0,0.0,0.9333555481506165,0.0,0.0,False,,0.0,0.0,0.0,d176ee30e6fc7a6824a7dbb7b84aa9ef49ea5e90,True,d46ffb6c4c5bf557,3.12.10,2.5.3,1.18.1
train,train-016,b3_rl_unsupervised,patches,0.306076,9.275958,1.182357,0.035045,0.4204818980432551,0.14376869355431468,0.3679988925417439,0.4076063173323672,0.009541023244537043,1.0626181614946613,0.3245451591712916,0.0,0.0,0.15361383473493626,0.3245451591712916,1.0000000000000384,9.275958000000001,1.0,0.0,0.0,0.0,0.0,0.0,False,,0.0,0.0,0.0,d176ee30e6fc7a6824a7dbb7b84aa9ef49ea5e90,True,d46ffb6c4c5bf557,3.12.10,2.5.3,1.18.1
train,train-016,b5_rl_supervised,patches,0.306076,9.275958,1.182357,0.035045,2.613372611842127,0.69760266614005,2.031394637026861,2.5957329639112183,0.004920863730708198,1.7000159999554847,0.11659830002097187,0.0,0.006666666666666667,0.2151005113678327,0.11659830002097187,0.5499017293236226,5.100831734755083,0.06664445184938354,0.0,0.0,0.9333555481506165,0.0,0.0,False,,0.0,0.0,0.0,d176ee30e6fc7a6824a7dbb7b84aa9ef49ea5e90,True,d46ffb6c4c5bf557,3.12.10,2.5.3,1.18.1
train,train-017,b0_pid_ff,patches,0.338696,8.09337,1.17922,0.002728,0.4517304095822273,0.14197012120115995,0.2900256829307888,0.4009031310287189,0.009724381214976624,0.9637468811638916,0.5090683067949735,0.0,0.6006666666666667,0.5121038501421004,0.556470875366728,1.000000000000021,8.093369999999998,,,,,,,False,,0.0,0.0,0.0,d176ee30e6fc7a6824a7dbb7b84aa9ef49ea5e90,True,d46ffb6c4c5bf557,3.12.10,2.5.3,1.18.1
train,train-017,b1_pd_ff,patches,0.338696,8.09337,1.17922,0.002728,0.8401473156012964,0.21809474520189093,0.5562781156338347,0.802127962180528,0.009841222680751558,0.957939213506532,0.5092170624264966,0.0,0.628,0.5171476268284738,0.559034367100734,1.000000000000021,8.093369999999998,,,,,,,False,,0.0,0.0,0.0,d176ee30e6fc7a6824a7dbb7b84aa9ef49ea5e90,True,d46ffb6c4c5bf557,3.12.10,2.5.3,1.18.1
train,train-017,b4_supervised,patches,0.338696,8.09337,1.17922,0.002728,1.8011089414934927,0.34130319978309653,0.4601356559096985,1.624216257553503,0.006281660001151302,1.1830643739045217,0.35006011627916683,0.0,0.7023333333333334,0.5337997572819786,0.35006011627916683,0.6242944167056866,5.0526281606131285,0.06664445184938354,0.0,0.0,0.9333555481506165,0.0,0.0,False,,0.0,0.0,0.0,d176ee30e6fc7a6824a7dbb7b84aa9ef49ea5e90,True,d46ffb6c4c5bf557,3.12.10,2.5.3,1.18.1
train,train-017,b3_rl_unsupervised,patches,0.338696,8.09337,1.17922,0.002728,0.44604001163993917,0.13979843539237335,0.2867753027671107,0.395108115120161,0.009671889744829857,0.962038010712667,0.5078635041821824,0.0,0.5946666666666667,0.5105666326595647,0.5533791980078837,1.000000000000021,8.093369999999998,1.0,0.0,0.0,0.0,0.0,0.0,False,,0.0,0.0,0.0,d176ee30e6fc7a6824a7dbb7b84aa9ef49ea5e90,True,d46ffb6c4c5bf557,3.12.10,2.5.3,1.18.1
train,train-017,b5_rl_supervised,patches,0.338696,8.09337,1.17922,0.002728,1.8011089414934927,0.34130319978309653,0.4601356559096985,1.624216257553503,0.006281660001151302,1.1830643739045217,0.35006011627916683,0.0,0.7023333333333334,0.5337997572819786,0.35006011627916683,0.6242944167056866,5.0526281606131285,0.06664445184938354,0.0,0.0,0.9333555481506165,0.0,0.0,False,,0.0,0.0,0.0,d176ee30e6fc7a6824a7dbb7b84aa9ef49ea5e90,True,d46ffb6c4c5bf557,3.12.10,2.5.3,1.18.1
train,train-018,b0_pid_ff,ramp,0.485567,9.622961,1.39639,0.024905,1.1433121768181531,0.35855843608341154,0.7824685930227367,1.0922161684828844,0.013665237700555,0.8729632167887376,0.5971464767160002,0.0,0.6583333333333333,0.5247819733237791,0.5971464767160002,0.9999999999999776,9.622961000000004,,,,,,,False,,0.0,0.0,0.0,d176ee30e6fc7a6824a7dbb7b84aa9ef49ea5e90,True,d46ffb6c4c5bf557,3.12.10,2.5.3,1.18.1
train,train-018,b1_pd_ff,ramp,0.485567,9.622961,1.39639,0.024905,2.0067596070464404,0.548319308190479,1.4399254233269774,1.9267088515026607,0.013766186063291956,0.9191706570705725,0.614114562553505,0.0,0.6556666666666666,0.5240599510261506,0.614114562553505,0.9999999999999776,9.622961000000004,,,,,,,False,,0.0,0.0,0.0,d176ee30e6fc7a6824a7dbb7b84aa9ef49ea5e90,True,d46ffb6c4c5bf557,3.12.10,2.5.3,1.18.1
train,train-018,b4_supervised,ramp,0.485567,9.622961,1.39639,0.024905,1.882468610506276,0.4419327749564165,0.7015929945774224,1.8650836452972683,0.007876887817509006,1.562718495697261,0.24244033610487833,0.0,0.7423333333333333,0.5454851131271786,0.24244033610487833,0.5318489805788408,5.117922690436522,0.06664445184938354,0.0,0.0,0.9333555481506165,0.0,0.0,False,,0.0,0.0,0.0,d176ee30e6fc7a6824a7dbb7b84aa9ef49ea5e90,True,d46ffb6c4c5bf557,3.12.10,2.5.3,1.18.1
train,train-018,b3_rl_unsupervised,ramp,0.485567,9.622961,1.39639,0.024905,1.133222146142542,0.3564860456303648,0.7723286797123303,1.0827222033715478,0.013653654225801108,0.8721201631988362,0.59725811044623,0.0,0.655,0.5235180640011525,0.59725811044623,0.9999999999999776,9.622961000000004,1.0,0.0,0.0,0.0,0.0,0.0,False,,0.0,0.0,0.0,d176ee30e6fc7a6824a7dbb7b84aa9ef49ea5e90,True,d46ffb6c4c5bf557,3.12.10,2.5.3,1.18.1
train,train-018,b5_rl_supervised,ramp,0.485567,9.622961,1.39639,0.024905,1.882468610506276,0.4419327749564165,0.7015929945774224,1.8650836452972683,0.007876887817509006,1.562718495697261,0.24244033610487833,0.0,0.7423333333333333,0.5454851131271786,0.24244033610487833,0.5318489805788408,5.117922690436522,0.06664445184938354,0.0,0.0,0.9333555481506165,0.0,0.0,False,,0.0,0.0,0.0,d176ee30e6fc7a6824a7dbb7b84aa9ef49ea5e90,True,d46ffb6c4c5bf557,3.12.10,2.5.3,1.18.1
train,train-019,b0_pid_ff,constant,0.606243,11.127147,1.293614,0.051955,2.465261240366454,0.6101559638035795,1.4822251821575685,2.356171333729087,0.017099555970259795,0.8579681780077213,0.6754385372633795,0.0,0.116,0.33670491752075893,0.6754385372633795,0.9999999999999853,11.127147000000004,,,,,,,False,,0.0,0.0,0.0,d176ee30e6fc7a6824a7dbb7b84aa9ef49ea5e90,True,d46ffb6c4c5bf557,3.12.10,2.5.3,1.18.1
train,train-019,b1_pd_ff,constant,0.606243,11.127147,1.293614,0.051955,2.35003729130101,0.57827535009317,1.504569470777143,2.2145208734523183,0.014592337940608546,0.9380066616648892,0.6584271168337261,0.0,0.14633333333333334,0.35676974079613144,0.6584271168337261,0.9999999999999853,11.127147000000004,,,,,,,False,,0.0,0.0,0.0,d176ee30e6fc7a6824a7dbb7b84aa9ef49ea5e90,True,d46ffb6c4c5bf557,3.12.10,2.5.3,1.18.1
train,train-019,b4_supervised,constant,0.606243,11.127147,1.293614,0.051955,0.4481564004326722,0.23798708115114708,0.40165597958768307,0.4384764920974886,0.0019053670496556698,0.47417518000151415,0.102013433656037,0.0,0.16333333333333333,0.36008851480044474,0.102013433656037,0.4680037026562037,5.207476837054318,0.06664445184938354,0.0,0.0,0.9333555481506165,0.0,0.0,False,,0.0,0.0,0.0,d176ee30e6fc7a6824a7dbb7b84aa9ef49ea5e90,True,d46ffb6c4c5bf557,3.12.10,2.5.3,1.18.1
train,train-019,b3_rl_unsupervised,constant,0.606243,11.127147,1.293614,0.051955,2.477833904432735,0.6096565292002663,1.4904829672013788,2.36149537811562,0.017383244412071727,0.8616152965211388,0.6762604197890911,0.0,0.114,0.33558638458030937,0.6762604197890911,0.9999999999999853,11.127147000000004,1.0,0.0,0.0,0.0,0.0,0.0,False,,0.0,0.0,0.0,d176ee30e6fc7a6824a7dbb7b84aa9ef49ea5e90,True,d46ffb6c4c5bf557,3.12.10,2.5.3,1.18.1
train,train-019,b5_rl_supervised,constant,0.606243,11.127147,1.293614,0.051955,0.4481564004326722,0.23798708115114708,0.40165597958768307,0.4384764920974886,0.0019053670496556698,0.47417518000151415,0.102013433656037,0.0,0.16333333333333333,0.36008851480044474,0.102013433656037,0.4680037026562037,5.207476837054318,0.06664445184938354,0.0,0.0,0.9333555481506165,0.0,0.0,False,,0.0,0.0,0.0,d176ee30e6fc7a6824a7dbb7b84aa9ef49ea5e90,True,d46ffb6c4c5bf557,3.12.10,2.5.3,1.18.1
train,train-020,b0_pid_ff,constant,0.773721,11.096829,1.145237,0.00783,1.7862131834827217,0.527839405314358,1.4334585619546403,1.7629196526770745,0.01764204041450745,0.6963770247811457,0.8233512150262079,0.0,0.0,0.05779160785066702,0.8233512150262079,0.9999999999999831,11.096828999999998,,,,,,,False,,0.0,0.0,0.0,d176ee30e6fc7a6824a7dbb7b84aa9ef49ea5e90,True,d46ffb6c4c5bf557,3.12.10,2.5.3,1.18.1
train,train-020,b1_pd_ff,constant,0.773721,11.096829,1.145237,0.00783,3.121012102888569,0.8814696400004032,2.561885103499162,3.0583212569659888,0.019463919990619995,0.741767054541545,0.8339055827911718,0.0,0.0,0.05969557592177938,0.8339055827911718,0.9999999999999831,11.096828999999998,,,,,,,False,,0.0,0.0,0.0,d176ee30e6fc7a6824a7dbb7b84aa9ef49ea5e90,True,d46ffb6c4c5bf557,3.12.10,2.5.3,1.18.1
train,train-020,b4_supervised,constant,0.773721,11.096829,1.145237,0.00783,0.4737614247531433,0.32726828039446976,0.46779556568955405,0.47311144925008863,0.0008924218145618684,0.3428693223712502,0.03721975567692796,0.0,0.0,0.016988683062466096,0.03721975567692796,0.4690972615390056,5.205423621126294,0.06664445184938354,0.0,0.0,0.9333555481506165,0.0,0.0,False,,0.0,0.0,0.0,d176ee30e6fc7a6824a7dbb7b84aa9ef49ea5e90,True,d46ffb6c4c5bf557,3.12.10,2.5.3,1.18.1
train,train-020,b3_rl_unsupervised,constant,0.773721,11.096829,1.145237,0.00783,1.7530768156031682,0.5199949186137847,1.4177399341302093,1.7312976948758239,0.017424436833650397,0.6937497614094924,0.822153860099972,0.0,0.0,0.05753874883285849,0.822153860099972,0.9999999999999831,11.096828999999998,1.0,0.0,0.0,0.0,0.0,0.0,False,,0.0,0.0,0.0,d176ee30e6fc7a6824a7dbb7b84aa9ef49ea5e90,True,d46ffb6c4c5bf557,3.12.10,2.5.3,1.18.1
train,train-020,b5_rl_supervised,constant,0.773721,11.096829,1.145237,0.00783,0.4737614247531433,0.32726828039446976,0.46779556568955405,0.47311144925008863,0.0008924218145618684,0.3428693223712502,0.03721975567692796,0.0,0.0,0.016988683062466096,0.03721975567692796,0.4690972615390056,5.205423621126294,0.06664445184938354,0.0,0.0,0.9333555481506165,0.0,0.0,False,,0.0,0.0,0.0,d176ee30e6fc7a6824a7dbb7b84aa9ef49ea5e90,True,d46ffb6c4c5bf557,3.12.10,2.5.3,1.18.1
train,train-021,b0_pid_ff,ramp,0.523606,11.204766,1.327131,0.038986,154.3206233082244,17.310011819996095,38.75277162641103,123.6435949547352,0.19452616681530613,4.123789498447973,0.9088111098984198,0.0,0.804016620498615,0.5585199068103012,1.0667051249043307,0.4816666666666884,11.204766000000001,,,,,,,True,14.450000000000001,0.0,0.0,0.0,d176ee30e6fc7a6824a7dbb7b84aa9ef49ea5e90,True,d46ffb6c4c5bf557,3.12.10,2.5.3,1.18.1
train,train-021,b1_pd_ff,ramp,0.523606,11.204766,1.327131,0.038986,152.6664654881514,12.638396541966253,7.619277512136367,110.9516099064548,0.10812333394573663,4.386203193388056,0.9063578551419265,0.0,0.8064885496183206,0.5588197674805375,0.9063578551419265,0.8736666666666782,11.204766000000001,,,,,,,True,26.21,0.0,0.0,0.0,d176ee30e6fc7a6824a7dbb7b84aa9ef49ea5e90,True,d46ffb6c4c5bf557,3.12.10,2.5.3,1.18.1
train,train-021,b4_supervised,ramp,0.523606,11.204766,1.327131,0.038986,1.4486279155308934,0.5192104998223002,0.8801544020523149,1.319937696621823,0.00855519422350251,0.8372045916449243,0.14464034490738542,0.0,0.8173333333333334,0.5609406280659175,0.14665547582323274,0.46523511500970843,5.2127796721093,0.06664445184938354,0.0,0.0,0.9333555481506165,0.0,0.0,False,,0.0,0.0,0.0,d176ee30e6fc7a6824a7dbb7b84aa9ef49ea5e90,True,d46ffb6c4c5bf557,3.12.10,2.5.3,1.18.1
train,train-021,b3_rl_unsupervised,ramp,0.523606,11.204766,1.327131,0.038986,155.16217618252367,34.337102639568165,108.09423134720207,144.8946468147791,0.23925462516153667,4.172013651104313,0.9412170964246259,0.0,0.8100481761871989,0.5535557909882626,1.0895330125740874,0.4846666666666885,11.204766000000003,1.0,0.0,0.0,0.0,0.0,0.0,True,14.540000000000001,0.0,0.0,0.0,d176ee30e6fc7a6824a7dbb7b84aa9ef49ea5e90,True,d46ffb6c4c5bf557,3.12.10,2.5.3,1.18.1
train,train-021,b5_rl_supervised,ramp,0.523606,11.204766,1.327131,0.038986,1.4486279155308934,0.5192104998223002,0.8801544020523149,1.319937696621823,0.00855519422350251,0.8372045916449243,0.14464034490738542,0.0,0.8173333333333334,0.5609406280659175,0.14665547582323274,0.46523511500970843,5.2127796721093,0.06664445184938354,0.0,0.0,0.9333555481506165,0.0,0.0,False,,0.0,0.0,0.0,d176ee30e6fc7a6824a7dbb7b84aa9ef49ea5e90,True,d46ffb6c4c5bf557,3.12.10,2.5.3,1.18.1
train,train-022,b0_pid_ff,patches,0.467644,8.539152,1.168282,0.048908,0.7708900077904473,0.23674255030940297,0.6553255660752788,0.7498316556266568,0.014466161574193614,1.730963629883341,0.49432976008814655,0.0,0.05633333333333333,0.3002032820293684,0.49432976008814655,1.0000000000000124,8.539152000000001,,,,,,,False,,0.0,0.0,0.0,d176ee30e6fc7a6824a7dbb7b84aa9ef49ea5e90,True,d46ffb6c4c5bf557,3.12.10,2.5.3,1.18.1
train,train-022,b1_pd_ff,patches,0.467644,8.539152,1.168282,0.048908,0.9521256997389584,0.3343479420412366,0.7402018139697242,0.9223527058664508,0.015246490712098219,1.7337169519099582,0.4991908861951265,0.0,0.06933333333333333,0.30821806694301884,0.4991908861951265,1.0000000000000124,8.539152000000001,,,,,,,False,,0.0,0.0,0.0,d176ee30e6fc7a6824a7dbb7b84aa9ef49ea5e90,True,d46ffb6c4c5bf557,3.12.10,2.5.3,1.18.1
train,train-022,b4_supervised,patches,0.467644,8.539152,1.168282,0.048908,0.6755938871472734,0.4296438667369263,0.6474549811950703,0.6703486905339647,0.001914610583970244,0.575723728701696,0.08260637330453252,0.0,0.12233333333333334,0.34222878733647877,0.11373036915225876,0.5936183040189448,5.068973936687771,0.06664445184938354,0.0,0.0,0.9333555481506165,0.0,0.0,False,,0.0,0.0,0.0,d176ee30e6fc7a6824a7dbb7b84aa9ef49ea5e90,True,d46ffb6c4c5bf557,3.12.10,2.5.3,1.18.1
train,train-022,b3_rl_unsupervised,patches,0.467644,8.539152,1.168282,0.048908,0.7713691555518633,0.2368318973404255,0.6555140128026653,0.7499902081184809,0.014462656766453967,1.7308123446181494,0.49433672766597553,0.0,0.055,0.298874934918117,0.49433672766597553,1.0000000000000124,8.539152000000001,1.0,0.0,0.0,0.0,0.0,0.0,False,,0.0,0.0,0.0,d176ee30e6fc7a6824a7dbb7b84aa9ef49ea5e90,True,d46ffb6c4c5bf557,3.12.10,2.5.3,1.18.1
train,train-022,b5_rl_supervised,patches,0.467644,8.539152,1.168282,0.048908,0.6755938871472734,0.4296438667369263,0.6474549811950703,0.6703486905339647,0.001914610583970244,0.575723728701696,0.08260637330453252,0.0,0.12233333333333334,0.34222878733647877,0.11373036915225876,0.5936183040189448,5.068973936687771,0.06664445184938354,0.0,0.0,0.9333555481506165,0.0,0.0,False,,0.0,0.0,0.0,d176ee30e6fc7a6824a7dbb7b84aa9ef49ea5e90,True,d46ffb6c4c5bf557,3.12.10,2.5.3,1.18.1
train,train-023,b0_pid_ff,constant,0.339192,9.329849,1.310564,0.034747,0.9354917041942561,0.26809137782852616,0.6514903170960191,0.8689990493837936,0.012820480040273119,1.3920332578230994,0.34845244660028724,0.0,0.0,0.0985617618319023,0.34845244660028724,0.9999999999999791,9.329848999999996,,,,,,,False,,0.0,0.0,0.0,d176ee30e6fc7a6824a7dbb7b84aa9ef49ea5e90,True,d46ffb6c4c5bf557,3.12.10,2.5.3,1.18.1
train,train-023,b1_pd_ff,constant,0.339192,9.329849,1.310564,0.034747,0.9144930476355858,0.31295074980093884,0.8469163459305984,0.9103536187102341,0.012206343431813234,1.3454805816110378,0.3468970071350299,0.0,0.0,0.10487096254932371,0.3468970071350299,0.9999999999999791,9.329848999999996,,,,,,,False,,0.0,0.0,0.0,d176ee30e6fc7a6824a7dbb7b84aa9ef49ea5e90,True,d46ffb6c4c5bf557,3.12.10,2.5.3,1.18.1
train,train-023,b4_supervised,constant,0.339192,9.329849,1.310564,0.034747,3.5068904269277716,0.9197591151870641,2.7500150991406813,3.4905367526318556,0.005931695843303601,2.316019224718717,0.11348500120275312,0.0,0.0,0.12115863802004352,0.11348500120275312,0.5470005733211875,5.103398285904699,0.06664445184938354,0.0,0.0,0.9333555481506165,0.0,0.0,False,,0.0,0.0,0.0,d176ee30e6fc7a6824a7dbb7b84aa9ef49ea5e90,True,d46ffb6c4c5bf557,3.12.10,2.5.3,1.18.1
train,train-023,b3_rl_unsupervised,constant,0.339192,9.329849,1.310564,0.034747,0.9420760677848456,0.2675861556415313,0.6484865563667915,0.8746171864797697,0.012827261594907395,1.3931935905568547,0.3484563991288934,0.0,0.0,0.09745800398653144,0.3484563991288934,0.9999999999999791,9.329848999999996,1.0,0.0,0.0,0.0,0.0,0.0,False,,0.0,0.0,0.0,d176ee30e6fc7a6824a7dbb7b84aa9ef49ea5e90,True,d46ffb6c4c5bf557,3.12.10,2.5.3,1.18.1
train,train-023,b5_rl_supervised,constant,0.339192,9.329849,1.310564,0.034747,3.5068904269277716,0.9197591151870641,2.7500150991406813,3.4905367526318556,0.005931695843303601,2.316019224718717,0.11348500120275312,0.0,0.0,0.12115863802004352,0.11348500120275312,0.5470005733211875,5.103398285904699,0.06664445184938354,0.0,0.0,0.9333555481506165,0.0,0.0,False,,0.0,0.0,0.0,d176ee30e6fc7a6824a7dbb7b84aa9ef49ea5e90,True,d46ffb6c4c5bf557,3.12.10,2.5.3,1.18.1
train,train-024,b0_pid_ff,step,0.338129,10.319119,1.083219,0.050689,1.1500398218556598,0.29072831897453416,0.6077214762075392,1.0176685680291129,0.01699915481664066,0.5961468274260433,0.5383997142616961,0.0,0.665,0.5249091457614871,0.5383997142616961,0.9999999999999775,10.319119,,,,,,,False,,0.0,0.0,0.0,d176ee30e6fc7a6824a7dbb7b84aa9ef49ea5e90,True,d46ffb6c4c5bf557,3.12.10,2.5.3,1.18.1
train,train-024,b1_pd_ff,step,0.338129,10.319119,1.083219,0.050689,1.0488664103301049,0.2832642176241758,0.6304730975193443,0.9783164100740536,0.012697680225837064,0.5244283453287134,0.5072761757659884,0.0,0.6576666666666666,0.5249575083347313,0.5072761757659884,0.9999999999999775,10.319119,,,,,,,False,,0.0,0.0,0.0,d176ee30e6fc7a6824a7dbb7b84aa9ef49ea5e90,True,d46ffb6c4c5bf557,3.12.10,2.5.3,1.18.1
train,train-024,b4_supervised,step,0.338129,10.319119,1.083219,0.050689,1.0153727337532348,0.2274653186238382,0.4074502567351297,0.9498548389940119,0.007138063587231364,0.9246401477975024,0.3129621690468007,0.0,0.7413333333333333,0.5437873254306407,0.3165695921689045,0.499683938231543,5.156245939020329,0.06664445184938354,0.0,0.0,0.9333555481506165,0.0,0.0,False,,0.0,0.0,0.0,d176ee30e6fc7a6824a7dbb7b84aa9ef49ea5e90,True,d46ffb6c4c5bf557,3.12.10,2.5.3,1.18.1
train,train-024,b3_rl_unsupervised,step,0.338129,10.319119,1.083219,0.050689,1.19566604817219,0.29814882728981595,0.6333395856676581,1.0490160105937079,0.017478757924955284,0.6032183223448605,0.5425051035306607,0.0,0.662,0.523846084819993,0.5425051035306607,0.9999999999999775,10.319119,1.0,0.0,0.0,0.0,0.0,0.0,False,,0.0,0.0,0.0,d176ee30e6fc7a6824a7dbb7b84aa9ef49ea5e90,True,d46ffb6c4c5bf557,3.12.10,2.5.3,1.18.1
train,train-024,b5_rl_supervised,step,0.338129,10.319119,1.083219,0.050689,1.0153727337532348,0.2274653186238382,0.4074502567351297,0.9498548389940119,0.007138063587231364,0.9246401477975024,0.3129621690468007,0.0,0.7413333333333333,0.5437873254306407,0.3165695921689045,0.499683938231543,5.156245939020329,0.06664445184938354,0.0,0.0,0.9333555481506165,0.0,0.0,False,,0.0,0.0,0.0,d176ee30e6fc7a6824a7dbb7b84aa9ef49ea5e90,True,d46ffb6c4c5bf557,3.12.10,2.5.3,1.18.1
train,train-025,b0_pid_ff,step,0.765972,10.033311,1.316975,0.052467,150.08226623086313,19.800208299075177,25.05510074568768,136.5651597933015,0.12310520333425132,3.0372898485023767,0.9581637649484296,0.008170961659333752,0.7704402515723271,0.550890496329825,0.9581637649484296,0.5303333333333227,10.033311,,,,,,,True,15.91,0.0,0.0,0.0,d176ee30e6fc7a6824a7dbb7b84aa9ef49ea5e90,True,d46ffb6c4c5bf557,3.12.10,2.5.3,1.18.1
train,train-025,b1_pd_ff,step,0.765972,10.033311,1.316975,0.052467,6.181511292692029,1.8065306579865572,4.462296717708165,6.022805959218598,0.05676671771679605,2.0492491656245417,0.9116510940703585,0.0,0.7226666666666667,0.5410386270468505,0.9116510940703585,1.0000000000000207,10.033311,,,,,,,False,,0.0,0.0,0.0,d176ee30e6fc7a6824a7dbb7b84aa9ef49ea5e90,True,d46ffb6c4c5bf557,3.12.10,2.5.3,1.18.1
train,train-025,b4_supervised,step,0.765972,10.033311,1.316975,0.052467,1.26847316068713,0.48214409110509643,0.8224894171960611,1.1571579954681621,0.008260401521115929,0.8509674046847525,0.29429817695310373,0.0,0.7923333333333333,0.5562087009333903,0.29429817695310373,0.5122842943537398,5.139861025324893,0.06664445184938354,0.0,0.0,0.9333555481506165,0.0,0.0,False,,0.0,0.0,0.0,d176ee30e6fc7a6824a7dbb7b84aa9ef49ea5e90,True,d46ffb6c4c5bf557,3.12.10,2.5.3,1.18.1
train,train-025,b3_rl_unsupervised,step,0.765972,10.033311,1.316975,0.052467,150.773854569802,18.055496034159408,37.96245304280588,126.58105650479831,0.15366893927545297,2.6011989270822773,0.9719347678383267,0.01782042494859493,0.7729766803840878,0.5527972668933828,0.9719347678383267,0.4863333333333198,10.033310999999998,1.0,0.0,0.0,0.0,0.0,0.0,True,14.59,0.0,0.0,0.0,d176ee30e6fc7a6824a7dbb7b84aa9ef49ea5e90,True,d46ffb6c4c5bf557,3.12.10,2.5.3,1.18.1
train,train-025,b5_rl_supervised,step,0.765972,10.033311,1.316975,0.052467,1.26847316068713,0.48214409110509643,0.8224894171960611,1.1571579954681621,0.008260401521115929,0.8509674046847525,0.29429817695310373,0.0,0.7923333333333333,0.5562087009333903,0.29429817695310373,0.5122842943537398,5.139861025324893,0.06664445184938354,0.0,0.0,0.9333555481506165,0.0,0.0,False,,0.0,0.0,0.0,d176ee30e6fc7a6824a7dbb7b84aa9ef49ea5e90,True,d46ffb6c4c5bf557,3.12.10,2.5.3,1.18.1
train,train-026,b0_pid_ff,ramp,0.300682,10.662328,1.379224,0.048264,0.8310719496590041,0.21455291805535076,0.5066810266867394,0.7755800412952792,0.010053138435331344,0.37635395534591404,0.42371737507749785,0.0,0.442,0.4688774382569818,0.42371737507749785,1.0000000000000098,10.662328,,,,,,,False,,0.0,0.0,0.0,d176ee30e6fc7a6824a7dbb7b84aa9ef49ea5e90,True,d46ffb6c4c5bf557,3.12.10,2.5.3,1.18.1
train,train-026,b1_pd_ff,ramp,0.300682,10.662328,1.379224,0.048264,1.0948818185125113,0.27367008951923505,0.7302212931763328,1.0173283739359889,0.00696848371035083,0.36279761296420493,0.416639094266317,0.0,0.43766666666666665,0.46767302744681155,0.416639094266317,1.0000000000000098,10.662328,,,,,,,False,,0.0,0.0,0.0,d176ee30e6fc7a6824a7dbb7b84aa9ef49ea5e90,True,d46ffb6c4c5bf557,3.12.10,2.5.3,1.18.1
train,train-026,b4_supervised,ramp,0.300682,10.662328,1.379224,0.048264,0.3110513669155234,0.10987472030777037,0.22826727232322852,0.29868205127551845,0.0038651590913797683,0.30767931369248086,0.18997864312212034,0.0,0.595,0.5089219591830739,0.23997102840519502,0.48555805273794245,5.177120181272911,0.06664445184938354,0.0,0.0,0.9333555481506165,0.0,0.0,False,,0.0,0.0,0.0,d176ee30e6fc7a6824a7dbb7b84aa9ef49ea5e90,True,d46ffb6c4c5bf557,3.12.10,2.5.3,1.18.1
train,train-026,b3_rl_unsupervised,ramp,0.300682,10.662328,1.379224,0.048264,0.8327588584632218,0.21634977248114529,0.509701301121752,0.7788564113801923,0.010272637619131726,0.3782223361175653,0.4248990421597138,0.0,0.43933333333333335,0.4683067000229461,0.4248990421597138,1.0000000000000098,10.662328,1.0,0.0,0.0,0.0,0.0,0.0,False,,0.0,0.0,0.0,d176ee30e6fc7a6824a7dbb7b84aa9ef49ea5e90,True,d46ffb6c4c5bf557,3.12.10,2.5.3,1.18.1
train,train-026,b5_rl_supervised,ramp,0.300682,10.662328,1.379224,0.048264,0.3110513669155234,0.10987472030777037,0.22826727232322852,0.29868205127551845,0.0038651590913797683,0.30767931369248086,0.18997864312212034,0.0,0.595,0.5089219591830739,0.23997102840519502,0.48555805273794245,5.177120181272911,0.06664445184938354,0.0,0.0,0.9333555481506165,0.0,0.0,False,,0.0,0.0,0.0,d176ee30e6fc7a6824a7dbb7b84aa9ef49ea5e90,True,d46ffb6c4c5bf557,3.12.10,2.5.3,1.18.1
train,train-027,b0_pid_ff,constant,0.343591,9.456697,1.140247,0.015218,0.5037995911800098,0.15509247614124694,0.341201917400848,0.48052687326681903,0.011344390523483301,1.1888395556555074,0.42937250080043,0.0,0.492,0.48226857431160647,0.42937250080043,0.9999999999999708,9.456697,,,,,,,False,,0.0,0.0,0.0,d176ee30e6fc7a6824a7dbb7b84aa9ef49ea5e90,True,d46ffb6c4c5bf557,3.12.10,2.5.3,1.18.1
train,train-027,b1_pd_ff,constant,0.343591,9.456697,1.140247,0.015218,0.8199620033635305,0.25076350174983686,0.6365538253704548,0.8012919867447155,0.01107873495156097,1.1798700649338427,0.43088825309818923,0.0,0.5296666666666666,0.49424970041240346,0.43088825309818923,0.9999999999999708,9.456697,,,,,,,False,,0.0,0.0,0.0,d176ee30e6fc7a6824a7dbb7b84aa9ef49ea5e90,True,d46ffb6c4c5bf557,3.12.10,2.5.3,1.18.1
train,train-027,b4_supervised,constant,0.343591,9.456697,1.140247,0.015218,0.7458940584244509,0.413129211403795,0.6623530982669861,0.7309259913583463,0.00538524127168037,0.6063710494289086,0.16851836580457558,0.0,0.6306666666666667,0.5178084040304483,0.16851836580457558,0.540315896625079,5.1095671962679114,0.06664445184938354,0.0,0.0,0.9333555481506165,0.0,0.0,False,,0.0,0.0,0.0,d176ee30e6fc7a6824a7dbb7b84aa9ef49ea5e90,True,d46ffb6c4c5bf557,3.12.10,2.5.3,1.18.1
train,train-027,b3_rl_unsupervised,constant,0.343591,9.456697,1.140247,0.015218,0.49621857990635454,0.15375635306044963,0.33733006465807724,0.47423916455907333,0.011316392762687406,1.1895680059564961,0.4295478409943425,0.0,0.478,0.4798320524190165,0.4295478409943425,0.9999999999999708,9.456697,1.0,0.0,0.0,0.0,0.0,0.0,False,,0.0,0.0,0.0,d176ee30e6fc7a6824a7dbb7b84aa9ef49ea5e90,True,d46ffb6c4c5bf557,3.12.10,2.5.3,1.18.1
train,train-027,b5_rl_supervised,constant,0.343591,9.456697,1.140247,0.015218,0.7458940584244509,0.413129211403795,0.6623530982669861,0.7309259913583463,0.00538524127168037,0.6063710494289086,0.16851836580457558,0.0,0.6306666666666667,0.5178084040304483,0.16851836580457558,0.540315896625079,5.1095671962679114,0.06664445184938354,0.0,0.0,0.9333555481506165,0.0,0.0,False,,0.0,0.0,0.0,d176ee30e6fc7a6824a7dbb7b84aa9ef49ea5e90,True,d46ffb6c4c5bf557,3.12.10,2.5.3,1.18.1
train,train-028,b0_pid_ff,ramp,0.446438,8.375609,1.125181,0.049889,0.9952829817408653,0.27320073450946875,0.6603149524905341,0.9321604037771932,0.015685326769709924,1.7187039322914563,0.49925475608873515,0.0,0.531,0.4932459880289634,0.5226671323516159,1.0000000000000113,8.375608999999997,,,,,,,False,,0.0,0.0,0.0,d176ee30e6fc7a6824a7dbb7b84aa9ef49ea5e90,True,d46ffb6c4c5bf557,3.12.10,2.5.3,1.18.1
train,train-028,b1_pd_ff,ramp,0.446438,8.375609,1.125181,0.049889,1.5314380541353578,0.5106041402507483,1.324281745112904,1.4888142146127956,0.015103347891290154,1.7195118655206472,0.4988941709429105,0.0,0.5653333333333334,0.5026718497481735,0.5217884300056264,1.0000000000000113,8.375608999999997,,,,,,,False,,0.0,0.0,0.0,d176ee30e6fc7a6824a7dbb7b84aa9ef49ea5e90,True,d46ffb6c4c5bf557,3.12.10,2.5.3,1.18.1
train,train-028,b4_supervised,ramp,0.446438,8.375609,1.125181,0.049889,3.587393525368366,1.1753368635961075,3.0853524304045528,3.534292282883311,0.012104418076765551,2.3605750785850046,0.2554127125931977,0.0,0.6113333333333333,0.5141098590498332,0.2554127125931977,0.6044626409852571,5.062721828723759,0.06664445184938354,0.0,0.0,0.9333555481506165,0.0,0.0,False,,0.0,0.0,0.0,d176ee30e6fc7a6824a7dbb7b84aa9ef49ea5e90,True,d46ffb6c4c5bf557,3.12.10,2.5.3,1.18.1
train,train-028,b3_rl_unsupervised,ramp,0.446438,8.375609,1.125181,0.049889,0.9910718836530833,0.2734384087478407,0.6615827808560557,0.9302346753329533,0.015685903441503356,1.7191281685604056,0.4993378732607106,0.0,0.5293333333333333,0.4927485325446238,0.5228501259787612,1.0000000000000113,8.375608999999997,1.0,0.0,0.0,0.0,0.0,0.0,False,,0.0,0.0,0.0,d176ee30e6fc7a6824a7dbb7b84aa9ef49ea5e90,True,d46ffb6c4c5bf557,3.12.10,2.5.3,1.18.1
train,train-028,b5_rl_supervised,ramp,0.446438,8.375609,1.125181,0.049889,3.587393525368366,1.1753368635961075,3.0853524304045528,3.534292282883311,0.012104418076765551,2.3605750785850046,0.2554127125931977,0.0,0.6113333333333333,0.5141098590498332,0.2554127125931977,0.6044626409852571,5.062721828723759,0.06664445184938354,0.0,0.0,0.9333555481506165,0.0,0.0,False,,0.0,0.0,0.0,d176ee30e6fc7a6824a7dbb7b84aa9ef49ea5e90,True,d46ffb6c4c5bf557,3.12.10,2.5.3,1.18.1
train,train-029,b0_pid_ff,ramp,0.600382,11.086074,1.036761,0.015172,1.4368440161950808,0.3304236002574464,0.7740812705686533,1.3045201526880152,0.014968923783864647,0.8272516085315962,0.7069873572718609,0.0,0.664,0.5278522803452455,0.7069873572718609,0.9999999999999925,11.086074,,,,,,,False,,0.0,0.0,0.0,d176ee30e6fc7a6824a7dbb7b84aa9ef49ea5e90,True,d46ffb6c4c5bf557,3.12.10,2.5.3,1.18.1
train,train-029,b1_pd_ff,ramp,0.600382,11.086074,1.036761,0.015172,2.0447815768753475,0.5018879366688069,1.3033688721112977,1.9031292002474487,0.014023258877514587,0.842444188220381,0.6974161571451021,0.0,0.668,0.5285992888112945,0.6974161571451021,0.9999999999999925,11.086074,,,,,,,False,,0.0,0.0,0.0,d176ee30e6fc7a6824a7dbb7b84aa9ef49ea5e90,True,d46ffb6c4c5bf557,3.12.10,2.5.3,1.18.1
train,train-029,b4_supervised,ramp,0.600382,11.086074,1.036761,0.015172,0.8992595373197773,0.3517213841399758,0.5982439650873658,0.8464638414009616,0.008059140566537521,0.6426846061914773,0.26396565644252273,0.0,0.7606666666666667,0.5503645540011334,0.30435427927606834,0.46948682187519086,5.204697416861049,0.06664445184938354,0.0,0.0,0.9333555481506165,0.0,0.0,False,,0.0,0.0,0.0,d176ee30e6fc7a6824a7dbb7b84aa9ef49ea5e90,True,d46ffb6c4c5bf557,3.12.10,2.5.3,1.18.1
train,train-029,b3_rl_unsupervised,ramp,0.600382,11.086074,1.036761,0.015172,1.4257103178066861,0.3287590236239014,0.7730984197713445,1.294011003553713,0.014924475673688594,0.8269880929008698,0.706996187859941,0.0,0.6593333333333333,0.5263475586813623,0.706996187859941,0.9999999999999925,11.086074,1.0,0.0,0.0,0.0,0.0,0.0,False,,0.0,0.0,0.0,d176ee30e6fc7a6824a7dbb7b84aa9ef49ea5e90,True,d46ffb6c4c5bf557,3.12.10,2.5.3,1.18.1
train,train-029,b5_rl_supervised,ramp,0.600382,11.086074,1.036761,0.015172,0.8992595373197773,0.3517213841399758,0.5982439650873658,0.8464638414009616,0.008059140566537521,0.6426846061914773,0.26396565644252273,0.0,0.7606666666666667,0.5503645540011334,0.30435427927606834,0.46948682187519086,5.204697416861049,0.06664445184938354,0.0,0.0,0.9333555481506165,0.0,0.0,False,,0.0,0.0,0.0,d176ee30e6fc7a6824a7dbb7b84aa9ef49ea5e90,True,d46ffb6c4c5bf557,3.12.10,2.5.3,1.18.1
train,train-030,b0_pid_ff,step,0.354906,8.511023,1.058727,0.037001,0.6234740665425869,0.18926060417421306,0.464915522892401,0.5897037657594815,0.013281450978619724,1.5012795678414237,0.47088713645154645,0.0,0.532,0.4963016547182926,0.47088713645154645,0.9999999999999851,8.511022999999998,,,,,,,False,,0.0,0.0,0.0,d176ee30e6fc7a6824a7dbb7b84aa9ef49ea5e90,True,d46ffb6c4c5bf557,3.12.10,2.5.3,1.18.1
train,train-030,b1_pd_ff,step,0.354906,8.511023,1.058727,0.037001,1.142693026530832,0.3875751818677495,0.9682684404114161,1.1171489053001327,0.012967741748001681,1.499617709910273,0.4758782743176338,0.0,0.5733333333333334,0.505749147686266,0.4758782743176338,0.9999999999999851,8.511022999999998,,,,,,,False,,0.0,0.0,0.0,d176ee30e6fc7a6824a7dbb7b84aa9ef49ea5e90,True,d46ffb6c4c5bf557,3.12.10,2.5.3,1.18.1
train,train-030,b4_supervised,step,0.354906,8.511023,1.058727,0.037001,0.8121787533879186,0.37928198451360157,0.6541278434921151,0.791226756257121,0.005920404276828874,0.6852813664462724,0.19641977749620285,0.0,0.6463333333333333,0.5234599467986775,0.21499303742530457,0.5954513220091212,5.067877271242919,0.06664445184938354,0.0,0.0,0.9333555481506165,0.0,0.0,False,,0.0,0.0,0.0,d176ee30e6fc7a6824a7dbb7b84aa9ef49ea5e90,True,d46ffb6c4c5bf557,3.12.10,2.5.3,1.18.1
train,train-030,b3_rl_unsupervised,step,0.354906,8.511023,1.058727,0.037001,0.626256346720944,0.18871499142954618,0.4636744677622864,0.5919491405848936,0.01326043628840947,1.5023216415412048,0.47019522752273607,0.0,0.5276666666666666,0.4948593955642545,0.47019522752273607,0.9999999999999851,8.511022999999998,1.0,0.0,0.0,0.0,0.0,0.0,False,,0.0,0.0,0.0,d176ee30e6fc7a6824a7dbb7b84aa9ef49ea5e90,True,d46ffb6c4c5bf557,3.12.10,2.5.3,1.18.1
train,train-030,b5_rl_supervised,step,0.354906,8.511023,1.058727,0.037001,0.8121787533879186,0.37928198451360157,0.6541278434921151,0.791226756257121,0.005920404276828874,0.6852813664462724,0.19641977749620285,0.0,0.6463333333333333,0.5234599467986775,0.21499303742530457,0.5954513220091212,5.067877271242919,0.06664445184938354,0.0,0.0,0.9333555481506165,0.0,0.0,False,,0.0,0.0,0.0,d176ee30e6fc7a6824a7dbb7b84aa9ef49ea5e90,True,d46ffb6c4c5bf557,3.12.10,2.5.3,1.18.1
train,train-031,b0_pid_ff,patches,0.745736,11.359934,1.315598,0.0381,2.518406865268645,0.5164330640292402,1.3117764300535784,2.2824681393965744,0.020217483259432276,0.9982542027573388,0.47750728662695974,0.0,0.30833333333333335,0.425073513254555,0.8583321887274558,1.000000000000017,11.359933999999999,,,,,,,False,,0.0,0.0,0.0,d176ee30e6fc7a6824a7dbb7b84aa9ef49ea5e90,True,d46ffb6c4c5bf557,3.12.10,2.5.3,1.18.1
train,train-031,b1_pd_ff,patches,0.745736,11.359934,1.315598,0.0381,1.9623597081680821,0.4673075058860238,1.1509487091125132,1.7999117150491115,0.014110841669320529,0.9113262590701895,0.45713432358991474,0.0,0.31933333333333336,0.43288783175444123,0.821711239803358,1.000000000000017,11.359933999999999,,,,,,,False,,0.0,0.0,0.0,d176ee30e6fc7a6824a7dbb7b84aa9ef49ea5e90,True,d46ffb6c4c5bf557,3.12.10,2.5.3,1.18.1
train,train-031,b4_supervised,patches,0.745736,11.359934,1.315598,0.0381,0.7176255101775307,0.3442201807139158,0.585113360528882,0.6877956706466162,0.004258290768346184,0.5175431900844274,0.1846405112880988,0.0,0.5093333333333333,0.4884554871783106,0.1846405112880988,0.5032533954862773,5.716686462512525,0.06664445184938354,0.0,0.0,0.9333555481506165,0.0,0.0,False,,0.0,0.0,0.0,d176ee30e6fc7a6824a7dbb7b84aa9ef49ea5e90,True,d46ffb6c4c5bf557,3.12.10,2.5.3,1.18.1
train,train-031,b3_rl_unsupervised,patches,0.745736,11.359934,1.315598,0.0381,2.509342858131809,0.5138717050166333,1.3017817513558687,2.272325120346247,0.020210363667639984,0.9995319795178124,0.476592623944052,0.0,0.30633333333333335,0.42498154923871584,0.8566880579580318,1.000000000000017,11.359933999999999,1.0,0.0,0.0,0.0,0.0,0.0,False,,0.0,0.0,0.0,d176ee30e6fc7a6824a7dbb7b84aa9ef49ea5e90,True,d46ffb6c4c5bf557,3.12.10,2.5.3,1.18.1
train,train-031,b5_rl_supervised,patches,0.745736,11.359934,1.315598,0.0381,0.7176255101775307,0.3442201807139158,0.585113360528882,0.6877956706466162,0.004258290768346184,0.5175431900844274,0.1846405112880988,0.0,0.5093333333333333,0.4884554871783106,0.1846405112880988,0.5032533954862773,5.716686462512525,0.06664445184938354,0.0,0.0,0.9333555481506165,0.0,0.0,False,,0.0,0.0,0.0,d176ee30e6fc7a6824a7dbb7b84aa9ef49ea5e90,True,d46ffb6c4c5bf557,3.12.10,2.5.3,1.18.1
train,train-032,b0_pid_ff,step,0.355816,9.078957,1.149853,0.004523,0.4610030611292772,0.12694539148279566,0.24675839415562845,0.4514619416858996,0.010945435562380803,1.1312947034490903,0.4643972910332567,0.0,0.529,0.4926520242352213,0.4643972910332567,0.9999999999999883,9.078957,,,,,,,False,,0.0,0.0,0.0,d176ee30e6fc7a6824a7dbb7b84aa9ef49ea5e90,True,d46ffb6c4c5bf557,3.12.10,2.5.3,1.18.1
train,train-032,b1_pd_ff,step,0.355816,9.078957,1.149853,0.004523,0.6313374690776653,0.18007088346709269,0.40831870173785634,0.6048923236298331,0.010963559737232903,1.1206247021035969,0.4621216635478864,0.0,0.5183333333333333,0.4893536412302732,0.4621216635478864,0.9999999999999883,9.078957,,,,,,,False,,0.0,0.0,0.0,d176ee30e6fc7a6824a7dbb7b84aa9ef49ea5e90,True,d46ffb6c4c5bf557,3.12.10,2.5.3,1.18.1
train,train-032,b4_supervised,step,0.355816,9.078957,1.149853,0.004523,0.6579572702496291,0.31640274205267693,0.5207346591812222,0.619034231310637,0.005504927284829381,0.5556685762095717,0.19150974402748186,0.0,0.6563333333333333,0.524365825980726,0.20349092493708187,0.5608301774091397,5.091722490836388,0.06664445184938354,0.0,0.0,0.9333555481506165,0.0,0.0,False,,0.0,0.0,0.0,d176ee30e6fc7a6824a7dbb7b84aa9ef49ea5e90,True,d46ffb6c4c5bf557,3.12.10,2.5.3,1.18.1
train,train-032,b3_rl_unsupervised,step,0.355816,9.078957,1.149853,0.004523,0.45159545645717897,0.12518526872918367,0.24520545026452964,0.44145382733884064,0.010904448571728976,1.1289351662710088,0.4631278442366928,0.0,0.522,0.490544916685941,0.4631278442366928,0.9999999999999883,9.078957,1.0,0.0,0.0,0.0,0.0,0.0,False,,0.0,0.0,0.0,d176ee30e6fc7a6824a7dbb7b84aa9ef49ea5e90,True,d46ffb6c4c5bf557,3.12.10,2.5.3,1.18.1
train,train-032,b5_rl_supervised,step,0.355816,9.078957,1.149853,0.004523,0.6579572702496291,0.31640274205267693,0.5207346591812222,0.619034231310637,0.005504927284829381,0.5556685762095717,0.19150974402748186,0.0,0.6563333333333333,0.524365825980726,0.20349092493708187,0.5608301774091397,5.091722490836388,0.06664445184938354,0.0,0.0,0.9333555481506165,0.0,0.0,False,,0.0,0.0,0.0,d176ee30e6fc7a6824a7dbb7b84aa9ef49ea5e90,True,d46ffb6c4c5bf557,3.12.10,2.5.3,1.18.1
train,train-033,b0_pid_ff,step,0.327658,11.06031,1.143281,0.033545,0.5614050815584377,0.16146074429873378,0.38715498050778396,0.535343473078152,0.0072130215211478445,0.41176385186027337,0.45453422643802877,0.0,0.4136666666666667,0.46226374172338414,0.45453422643802877,0.9999999999999873,11.060310000000001,,,,,,,False,,0.0,0.0,0.0,d176ee30e6fc7a6824a7dbb7b84aa9ef49ea5e90,True,d46ffb6c4c5bf557,3.12.10,2.5.3,1.18.1
train,train-033,b1_pd_ff,step,0.327658,11.06031,1.143281,0.033545,0.46463086260495506,0.1527517685448865,0.3581617458195088,0.43515150114977136,0.007007729269442139,0.3919365107978137,0.4606533445938402,0.0,0.4593333333333333,0.47541874151563457,0.4606533445938402,0.9999999999999873,11.060310000000001,,,,,,,False,,0.0,0.0,0.0,d176ee30e6fc7a6824a7dbb7b84aa9ef49ea5e90,True,d46ffb6c4c5bf557,3.12.10,2.5.3,1.18.1
train,train-033,b4_supervised,step,0.327658,11.06031,1.143281,0.033545,0.3420082361510088,0.14389804815107649,0.2599784865986762,0.32633723558195815,0.004228803492864241,0.35324870375404627,0.20347554554370767,0.0,0.5633333333333334,0.5005411165118248,0.21608231621243415,0.47042360235233055,5.202963218927027,0.06664445184938354,0.0,0.0,0.9333555481506165,0.0,0.0,False,,0.0,0.0,0.0,d176ee30e6fc7a6824a7dbb7b84aa9ef49ea5e90,True,d46ffb6c4c5bf557,3.12.10,2.5.3,1.18.1
train,train-033,b3_rl_unsupervised,step,0.327658,11.06031,1.143281,0.033545,0.5615550319777874,0.1607828025556483,0.38765437667797203,0.5349476559798493,0.0071973908080453005,0.4123004744253848,0.4532992341996366,0.0,0.4076666666666667,0.45965893896862225,0.4532992341996366,0.9999999999999873,11.060310000000001,1.0,0.0,0.0,0.0,0.0,0.0,False,,0.0,0.0,0.0,d176ee30e6fc7a6824a7dbb7b84aa9ef49ea5e90,True,d46ffb6c4c5bf557,3.12.10,2.5.3,1.18.1
train,train-033,b5_rl_supervised,step,0.327658,11.06031,1.143281,0.033545,0.3420082361510088,0.14389804815107649,0.2599784865986762,0.32633723558195815,0.004228803492864241,0.35324870375404627,0.20347554554370767,0.0,0.5633333333333334,0.5005411165118248,0.21608231621243415,0.47042360235233055,5.202963218927027,0.06664445184938354,0.0,0.0,0.9333555481506165,0.0,0.0,False,,0.0,0.0,0.0,d176ee30e6fc7a6824a7dbb7b84aa9ef49ea5e90,True,d46ffb6c4c5bf557,3.12.10,2.5.3,1.18.1
train,train-034,b0_pid_ff,patches,0.490313,10.129651,1.283566,0.037478,1.8128163453824564,0.4507686317074898,1.0629076656914955,1.6888820261637152,0.01632148940833043,1.2617181913444098,0.5416251754685754,0.0,0.5716666666666667,0.5037744804297075,0.5922082344015649,0.9999999999999842,10.129650999999999,,,,,,,False,,0.0,0.0,0.0,d176ee30e6fc7a6824a7dbb7b84aa9ef49ea5e90,True,d46ffb6c4c5bf557,3.12.10,2.5.3,1.18.1
train,train-034,b1_pd_ff,patches,0.490313,10.129651,1.283566,0.037478,1.4233633840105195,0.4304337190819651,1.0251193314754274,1.3394053416185745,0.014722989013884514,1.1978322442115066,0.5557951567961172,0.0,0.6053333333333333,0.5129875018147043,0.585856482988777,0.9999999999999842,10.129650999999999,,,,,,,False,,0.0,0.0,0.0,d176ee30e6fc7a6824a7dbb7b84aa9ef49ea5e90,True,d46ffb6c4c5bf557,3.12.10,2.5.3,1.18.1
train,train-034,b4_supervised,patches,0.490313,10.129651,1.283566,0.037478,0.8405184234111124,0.45310837498319884,0.7243996121264737,0.8274514939104518,0.005718059546169512,0.711347332628536,0.15035906251106226,0.0,0.672,0.5294008698792223,0.15035906251106226,0.5079474330688587,5.145281796067979,0.06664445184938354,0.0,0.0,0.9333555481506165,0.0,0.0,False,,0.0,0.0,0.0,d176ee30e6fc7a6824a7dbb7b84aa9ef49ea5e90,True,d46ffb6c4c5bf557,3.12.10,2.5.3,1.18.1
train,train-034,b3_rl_unsupervised,patches,0.490313,10.129651,1.283566,0.037478,1.8257292745513805,0.44942755651507305,1.0650515390539372,1.693056853586057,0.016406386144691112,1.2661495465140171,0.5414899723927792,0.0,0.5666666666666667,0.5022457112655335,0.5923202249977926,0.9999999999999842,10.129650999999999,1.0,0.0,0.0,0.0,0.0,0.0,False,,0.0,0.0,0.0,d176ee30e6fc7a6824a7dbb7b84aa9ef49ea5e90,True,d46ffb6c4c5bf557,3.12.10,2.5.3,1.18.1
train,train-034,b5_rl_supervised,patches,0.490313,10.129651,1.283566,0.037478,0.8405184234111124,0.45310837498319884,0.7243996121264737,0.8274514939104518,0.005718059546169512,0.711347332628536,0.15035906251106226,0.0,0.672,0.5294008698792223,0.15035906251106226,0.5079474330688587,5.145281796067979,0.06664445184938354,0.0,0.0,0.9333555481506165,0.0,0.0,False,,0.0,0.0,0.0,d176ee30e6fc7a6824a7dbb7b84aa9ef49ea5e90,True,d46ffb6c4c5bf557,3.12.10,2.5.3,1.18.1
train,train-035,b0_pid_ff,ramp,0.508488,8.10135,1.404369,0.015965,0.9259820740267082,0.28322980173438794,0.5980866345641513,0.8928130629965059,0.015932118755051853,1.6139602322989641,0.6076136390310023,0.0,0.708,0.5388884077728506,0.6076136390310023,1.0000000000000262,8.101349999999998,,,,,,,False,,0.0,0.0,0.0,d176ee30e6fc7a6824a7dbb7b84aa9ef49ea5e90,True,d46ffb6c4c5bf557,3.12.10,2.5.3,1.18.1
train,train-035,b1_pd_ff,ramp,0.508488,8.10135,1.404369,0.015965,1.3712667946127866,0.4234764000002494,1.0532374975523369,1.320398100308437,0.01661559339770381,1.6203459217039895,0.6135182511583144,0.0,0.712,0.5393932792512538,0.6135182511583144,1.0000000000000262,8.101349999999998,,,,,,,False,,0.0,0.0,0.0,d176ee30e6fc7a6824a7dbb7b84aa9ef49ea5e90,True,d46ffb6c4c5bf557,3.12.10,2.5.3,1.18.1
train,train-035,b4_supervised,ramp,0.508488,8.10135,1.404369,0.015965,0.9281860382128791,0.4286041072182465,0.7347829457858857,0.8942861648594649,0.007544544617475279,0.7462861078951565,0.2180956917511772,0.0,0.791,0.5566736293215785,0.25395858481352723,0.6237132926405096,5.052902049316894,0.06664445184938354,0.0,0.0,0.9333555481506165,0.0,0.0,False,,0.0,0.0,0.0,d176ee30e6fc7a6824a7dbb7b84aa9ef49ea5e90,True,d46ffb6c4c5bf557,3.12.10,2.5.3,1.18.1
train,train-035,b3_rl_unsupervised,ramp,0.508488,8.10135,1.404369,0.015965,0.9081969368621191,0.2801661185313888,0.593773985295122,0.8756737547452937,0.015885190842988266,1.6085520407730676,0.6075637987691459,0.0,0.7036666666666667,0.5376295653290711,0.6075637987691459,1.0000000000000262,8.101349999999998,1.0,0.0,0.0,0.0,0.0,0.0,False,,0.0,0.0,0.0,d176ee30e6fc7a6824a7dbb7b84aa9ef49ea5e90,True,d46ffb6c4c5bf557,3.12.10,2.5.3,1.18.1
train,train-035,b5_rl_supervised,ramp,0.508488,8.10135,1.404369,0.015965,0.9281860382128791,0.4286041072182465,0.7347829457858857,0.8942861648594649,0.007544544617475279,0.7462861078951565,0.2180956917511772,0.0,0.791,0.5566736293215785,0.25395858481352723,0.6237132926405096,5.052902049316894,0.06664445184938354,0.0,0.0,0.9333555481506165,0.0,0.0,False,,0.0,0.0,0.0,d176ee30e6fc7a6824a7dbb7b84aa9ef49ea5e90,True,d46ffb6c4c5bf557,3.12.10,2.5.3,1.18.1
train,train-036,b0_pid_ff,ramp,0.598174,9.085975,1.380109,0.007016,1.7480982596969372,0.5350679714460203,1.3067198501545154,1.684239921239583,0.02062467786513407,2.0013766362471146,0.6577246302195646,0.0,0.5766666666666667,0.5030943182425031,0.6577246302195646,0.9999999999999905,9.085975000000001,,,,,,,False,,0.0,0.0,0.0,d176ee30e6fc7a6824a7dbb7b84aa9ef49ea5e90,True,d46ffb6c4c5bf557,3.12.10,2.5.3,1.18.1
train,train-036,b1_pd_ff,ramp,0.598174,9.085975,1.380109,0.007016,1.5784214532512386,0.48633592399470094,1.2532202588556565,1.5159652916249355,0.01952418392415902,1.9668969993867407,0.6520384954386451,0.0,0.611,0.5114963333597407,0.6520384954386451,0.9999999999999905,9.085975000000001,,,,,,,False,,0.0,0.0,0.0,d176ee30e6fc7a6824a7dbb7b84aa9ef49ea5e90,True,d46ffb6c4c5bf557,3.12.10,2.5.3,1.18.1
train,train-036,b4_supervised,ramp,0.598174,9.085975,1.380109,0.007016,1.238244755400971,0.7102264103044693,1.1134842999860364,1.2185105173578334,0.005107834657825776,0.9887566689289086,0.15396359993906852,0.0,0.6686666666666666,0.5271830540346365,0.15396359993906852,0.5604319697849441,5.092040186604465,0.06664445184938354,0.0,0.0,0.9333555481506165,0.0,0.0,False,,0.0,0.0,0.0,d176ee30e6fc7a6824a7dbb7b84aa9ef49ea5e90,True,d46ffb6c4c5bf557,3.12.10,2.5.3,1.18.1
train,train-036,b3_rl_unsupervised,ramp,0.598174,9.085975,1.380109,0.007016,1.747705729980901,0.533012375269818,1.3060790474486776,1.682714314537952,0.02061636611564243,2.0016311715499375,0.6575792817212425,0.0,0.5693333333333334,0.5014267958770833,0.6575792817212425,0.9999999999999905,9.085975000000001,1.0,0.0,0.0,0.0,0.0,0.0,False,,0.0,0.0,0.0,d176ee30e6fc7a6824a7dbb7b84aa9ef49ea5e90,True,d46ffb6c4c5bf557,3.12.10,2.5.3,1.18.1
train,train-036,b5_rl_supervised,ramp,0.598174,9.085975,1.380109,0.007016,1.238244755400971,0.7102264103044693,1.1134842999860364,1.2185105173578334,0.005107834657825776,0.9887566689289086,0.15396359993906852,0.0,0.6686666666666666,0.5271830540346365,0.15396359993906852,0.5604319697849441,5.092040186604465,0.06664445184938354,0.0,0.0,0.9333555481506165,0.0,0.0,False,,0.0,0.0,0.0,d176ee30e6fc7a6824a7dbb7b84aa9ef49ea5e90,True,d46ffb6c4c5bf557,3.12.10,2.5.3,1.18.1
train,train-037,b0_pid_ff,constant,0.658418,10.179132,1.060854,0.030317,2.417938313419523,0.6003157828887257,1.370108539439426,2.209017914910972,0.02406913432041737,1.8401602741731797,0.7506417228621798,0.0,0.685,0.5309107122032694,0.7506417228621798,0.9999999999999752,10.179131999999997,,,,,,,False,,0.0,0.0,0.0,d176ee30e6fc7a6824a7dbb7b84aa9ef49ea5e90,True,d46ffb6c4c5bf557,3.12.10,2.5.3,1.18.1
train,train-037,b1_pd_ff,constant,0.658418,10.179132,1.060854,0.030317,1.9994908286918804,0.5996383163282049,1.3929115657538225,1.826521695367978,0.022066460239685358,1.800772633991547,0.7406738221738579,0.0,0.7156666666666667,0.538469161550853,0.7406738221738579,0.9999999999999752,10.179131999999997,,,,,,,False,,0.0,0.0,0.0,d176ee30e6fc7a6824a7dbb7b84aa9ef49ea5e90,True,d46ffb6c4c5bf557,3.12.10,2.5.3,1.18.1
train,train-037,b4_supervised,constant,0.658418,10.179132,1.060854,0.030317,1.4552810660711883,0.6918308690180912,1.1912739008592936,1.3630855991449016,0.007713131996327234,1.0344285970596667,0.1822565537483049,0.0,0.7763333333333333,0.5517353247102462,0.1822565537483049,0.5057559820752187,5.14810753215595,0.06664445184938354,0.0,0.0,0.9333555481506165,0.0,0.0,False,,0.0,0.0,0.0,d176ee30e6fc7a6824a7dbb7b84aa9ef49ea5e90,True,d46ffb6c4c5bf557,3.12.10,2.5.3,1.18.1
train,train-037,b3_rl_unsupervised,constant,0.658418,10.179132,1.060854,0.030317,2.415030993161379,0.5981379921400363,1.3653865252939696,2.2071741157370184,0.02411353111294655,1.8392445625067813,0.7507450525167727,0.0,0.6796666666666666,0.5295402916840745,0.7507450525167727,0.9999999999999752,10.179131999999997,1.0,0.0,0.0,0.0,0.0,0.0,False,,0.0,0.0,0.0,d176ee30e6fc7a6824a7dbb7b84aa9ef49ea5e90,True,d46ffb6c4c5bf557,3.12.10,2.5.3,1.18.1
train,train-037,b5_rl_supervised,constant,0.658418,10.179132,1.060854,0.030317,1.4552810660711883,0.6918308690180912,1.1912739008592936,1.3630855991449016,0.007713131996327234,1.0344285970596667,0.1822565537483049,0.0,0.7763333333333333,0.5517353247102462,0.1822565537483049,0.5057559820752187,5.14810753215595,0.06664445184938354,0.0,0.0,0.9333555481506165,0.0,0.0,False,,0.0,0.0,0.0,d176ee30e6fc7a6824a7dbb7b84aa9ef49ea5e90,True,d46ffb6c4c5bf557,3.12.10,2.5.3,1.18.1
train,train-038,b0_pid_ff,step,0.790825,10.531831,1.178655,0.03218,4.215031614658587,1.1391705955848028,3.0184025512730543,4.091030260388616,0.03738581069631944,1.3478178592802585,0.8782827940715553,0.0,0.7063333333333334,0.5372965669438804,0.8782827940715553,0.9999999999999986,10.531830999999999,,,,,,,False,,0.0,0.0,0.0,d176ee30e6fc7a6824a7dbb7b84aa9ef49ea5e90,True,d46ffb6c4c5bf557,3.12.10,2.5.3,1.18.1
train,train-038,b1_pd_ff,step,0.790825,10.531831,1.178655,0.03218,5.852931417846483,1.6227035718779415,4.34921956092498,5.7027758231368315,0.039600833858066335,1.7143510346766402,0.8869887933516543,0.0,0.7166666666666667,0.5390537703306304,0.8869887933516543,0.9999999999999986,10.531830999999999,,,,,,,False,,0.0,0.0,0.0,d176ee30e6fc7a6824a7dbb7b84aa9ef49ea5e90,True,d46ffb6c4c5bf557,3.12.10,2.5.3,1.18.1
train,train-038,b4_supervised,step,0.790825,10.531831,1.178655,0.03218,1.1794135639557346,0.5583832377345779,0.9174505998507202,1.1410841285779243,0.008645531782019123,0.8574985634861643,0.21880135891789723,0.0,0.7853333333333333,0.5556004282522078,0.2256774386526932,0.49080597995418845,5.169029291569479,0.06664445184938354,0.0,0.0,0.9333555481506165,0.0,0.0,False,,0.0,0.0,0.0,d176ee30e6fc7a6824a7dbb7b84aa9ef49ea5e90,True,d46ffb6c4c5bf557,3.12.10,2.5.3,1.18.1
train,train-038,b3_rl_unsupervised,step,0.790825,10.531831,1.178655,0.03218,4.294023352695904,1.150806080167597,3.0418491561185026,4.16266943411059,0.038110842131174306,1.356840175399509,0.8804105084489745,0.0,0.7036666666666667,0.536065159861501,0.8804105084489745,0.9999999999999986,10.531830999999999,1.0,0.0,0.0,0.0,0.0,0.0,False,,0.0,0.0,0.0,d176ee30e6fc7a6824a7dbb7b84aa9ef49ea5e90,True,d46ffb6c4c5bf557,3.12.10,2.5.3,1.18.1
train,train-038,b5_rl_supervised,step,0.790825,10.531831,1.178655,0.03218,1.1794135639557346,0.5583832377345779,0.9174505998507202,1.1410841285779243,0.008645531782019123,0.8574985634861643,0.21880135891789723,0.0,0.7853333333333333,0.5556004282522078,0.2256774386526932,0.49080597995418845,5.169029291569479,0.06664445184938354,0.0,0.0,0.9333555481506165,0.0,0.0,False,,0.0,0.0,0.0,d176ee30e6fc7a6824a7dbb7b84aa9ef49ea5e90,True,d46ffb6c4c5bf557,3.12.10,2.5.3,1.18.1
train,train-039,b0_pid_ff,patches,0.768096,9.653161,1.262953,0.035479,4.266762833208655,1.1008618718559722,3.1305300776147593,4.2052310852900305,0.035145972257504945,1.9828775846826323,0.8474331296967791,0.0,0.6503333333333333,0.5244283987105552,0.8474331296967791,0.9999999999999979,9.653160999999999,,,,,,,False,,0.0,0.0,0.0,d176ee30e6fc7a6824a7dbb7b84aa9ef49ea5e90,True,d46ffb6c4c5bf557,3.12.10,2.5.3,1.18.1
train,train-039,b1_pd_ff,patches,0.768096,9.653161,1.262953,0.035479,3.4998913247650325,0.9236621058145331,2.4183046926623804,3.2311747602617817,0.02868362717212639,1.9056485586449845,0.8321951818367818,0.0,0.681,0.5322023440857944,0.84546677357587,0.9999999999999979,9.653160999999999,,,,,,,False,,0.0,0.0,0.0,d176ee30e6fc7a6824a7dbb7b84aa9ef49ea5e90,True,d46ffb6c4c5bf557,3.12.10,2.5.3,1.18.1
train,train-039,b4_supervised,patches,0.768096,9.653161,1.262953,0.035479,1.4433773531806946,0.6979945447051017,1.1278595123182462,1.3657601445687233,0.008226884463201993,1.1398439095703514,0.1775010391719792,0.0,0.7423333333333333,0.5459785643399577,0.19821115119132668,0.5303457922574137,5.11947349383539,0.06664445184938354,0.0,0.0,0.8413862045984671,0.0,0.09196934355214928,False,,0.0,0.0,0.0,d176ee30e6fc7a6824a7dbb7b84aa9ef49ea5e90,True,d46ffb6c4c5bf557,3.12.10,2.5.3,1.18.1
train,train-039,b3_rl_unsupervised,patches,0.768096,9.653161,1.262953,0.035479,4.32891173279015,1.105066140950008,3.1620001753669404,4.250896431712801,0.0354561307242419,1.9921529708993397,0.8476618380589155,0.0,0.6453333333333333,0.5229162483707511,0.8476618380589155,0.9999999999999979,9.653160999999999,1.0,0.0,0.0,0.0,0.0,0.0,False,,0.0,0.0,0.0,d176ee30e6fc7a6824a7dbb7b84aa9ef49ea5e90,True,d46ffb6c4c5bf557,3.12.10,2.5.3,1.18.1
train,train-039,b5_rl_supervised,patches,0.768096,9.653161,1.262953,0.035479,1.4433773531806946,0.6979945447051017,1.1278595123182462,1.3657601445687233,0.008226884463201993,1.1398439095703514,0.1775010391719792,0.0,0.7423333333333333,0.5459785643399577,0.19821115119132668,0.5303457922574137,5.11947349383539,0.06664445184938354,0.0,0.0,0.8413862045984671,0.0,0.09196934355214928,False,,0.0,0.0,0.0,d176ee30e6fc7a6824a7dbb7b84aa9ef49ea5e90,True,d46ffb6c4c5bf557,3.12.10,2.5.3,1.18.1
train,train-040,b0_pid_ff,step,0.305458,8.559679,1.141209,0.035828,0.5546270558060933,0.18683246051866687,0.3584275594680748,0.5009429709327834,0.012566222433672048,0.7907432837425085,0.5363727389473105,0.0,0.6856666666666666,0.5315099384682007,0.5363727389473105,1.0000000000000218,8.559679000000001,,,,,,,False,,0.0,0.0,0.0,d176ee30e6fc7a6824a7dbb7b84aa9ef49ea5e90,True,d46ffb6c4c5bf557,3.12.10,2.5.3,1.18.1
train,train-040,b1_pd_ff,step,0.305458,8.559679,1.141209,0.035828,0.6317818304427177,0.1864495038895985,0.3566670796675748,0.5763610447157441,0.011739187876490424,0.7696474174513446,0.549197187284839,0.0,0.687,0.531684364208054,0.549197187284839,1.0000000000000218,8.559679000000001,,,,,,,False,,0.0,0.0,0.0,d176ee30e6fc7a6824a7dbb7b84aa9ef49ea5e90,True,d46ffb6c4c5bf557,3.12.10,2.5.3,1.18.1
train,train-040,b4_supervised,step,0.305458,8.559679,1.141209,0.035828,1.3430977236754242,0.384126395139355,0.9009474266889448,1.283198781400346,0.00922146398064956,1.039869846952257,0.4020302394049817,0.0,0.7626666666666667,0.549761651532716,0.4020302394049817,0.5922890380195955,5.069780780406531,0.06664445184938354,0.0,0.0,0.9333555481506165,0.0,0.0,False,,0.0,0.0,0.0,d176ee30e6fc7a6824a7dbb7b84aa9ef49ea5e90,True,d46ffb6c4c5bf557,3.12.10,2.5.3,1.18.1
train,train-040,b3_rl_unsupervised,step,0.305458,8.559679,1.141209,0.035828,0.5493559180250063,0.18535557580843398,0.35678094415183903,0.4941974776381553,0.012454174574422725,0.7878160262264575,0.5366033258651534,0.0,0.6796666666666666,0.5303144358044862,0.5366033258651534,1.0000000000000218,8.559679000000001,1.0,0.0,0.0,0.0,0.0,0.0,False,,0.0,0.0,0.0,d176ee30e6fc7a6824a7dbb7b84aa9ef49ea5e90,True,d46ffb6c4c5bf557,3.12.10,2.5.3,1.18.1
train,train-040,b5_rl_supervised,step,0.305458,8.559679,1.141209,0.035828,1.3430977236754242,0.384126395139355,0.9009474266889448,1.283198781400346,0.00922146398064956,1.039869846952257,0.4020302394049817,0.0,0.7626666666666667,0.549761651532716,0.4020302394049817,0.5922890380195955,5.069780780406531,0.06664445184938354,0.0,0.0,0.9333555481506165,0.0,0.0,False,,0.0,0.0,0.0,d176ee30e6fc7a6824a7dbb7b84aa9ef49ea5e90,True,d46ffb6c4c5bf557,3.12.10,2.5.3,1.18.1
train,train-041,b0_pid_ff,step,0.457592,11.155779,1.275335,0.001637,1.4080696462766444,0.3915574778837574,0.9225200929524379,1.3069557008421824,0.016536910307650175,0.6918143316833169,0.5491767323126083,0.0,0.7423333333333333,0.5444811311600579,0.5491767323126083,1.0000000000000222,11.155778999999997,,,,,,,False,,0.0,0.0,0.0,d176ee30e6fc7a6824a7dbb7b84aa9ef49ea5e90,True,d46ffb6c4c5bf557,3.12.10,2.5.3,1.18.1
train,train-041,b1_pd_ff,step,0.457592,11.155779,1.275335,0.001637,2.0534227632683444,0.5922640807970407,1.590364005152845,1.9559337898328162,0.014193002936828682,0.6842800648621056,0.5556535911796073,0.0,0.732,0.5415147010073651,0.5556535911796073,1.0000000000000222,11.155778999999997,,,,,,,False,,0.0,0.0,0.0,d176ee30e6fc7a6824a7dbb7b84aa9ef49ea5e90,True,d46ffb6c4c5bf557,3.12.10,2.5.3,1.18.1
train,train-041,b4_supervised,step,0.457592,11.155779,1.275335,0.001637,0.8569561951501776,0.3627645711546539,0.6503965015945347,0.7752709069963201,0.00729124244196189,0.8423449007647599,0.19564700375306618,0.0,0.8073333333333333,0.5607429240815831,0.19564700375306618,0.46697724097378257,5.209425089970013,0.06664445184938354,0.0,0.0,0.9333555481506165,0.0,0.0,False,,0.0,0.0,0.0,d176ee30e6fc7a6824a7dbb7b84aa9ef49ea5e90,True,d46ffb6c4c5bf557,3.12.10,2.5.3,1.18.1
train,train-041,b3_rl_unsupervised,step,0.457592,11.155779,1.275335,0.001637,1.4010126978903175,0.391378872159953,0.9240235014460986,1.3022805052289728,0.01666926979013397,0.6909048323155261,0.5490047752582486,0.0,0.7363333333333333,0.543361963652775,0.5490047752582486,1.0000000000000222,11.155778999999997,1.0,0.0,0.0,0.0,0.0,0.0,False,,0.0,0.0,0.0,d176ee30e6fc7a6824a7dbb7b84aa9ef49ea5e90,True,d46ffb6c4c5bf557,3.12.10,2.5.3,1.18.1
train,train-041,b5_rl_supervised,step,0.457592,11.155779,1.275335,0.001637,0.8569561951501776,0.3627645711546539,0.6503965015945347,0.7752709069963201,0.00729124244196189,0.8423449007647599,0.19564700375306618,0.0,0.8073333333333333,0.5607429240815831,0.19564700375306618,0.46697724097378257,5.209425089970013,0.06664445184938354,0.0,0.0,0.9333555481506165,0.0,0.0,False,,0.0,0.0,0.0,d176ee30e6fc7a6824a7dbb7b84aa9ef49ea5e90,True,d46ffb6c4c5bf557,3.12.10,2.5.3,1.18.1
train,train-042,b0_pid_ff,constant,0.440579,10.590225,1.431429,0.009014,1.1874707293636337,0.3169112678922079,0.7671720185387958,1.1428579581655551,0.009188711018426957,0.6238066571559521,0.5169389279401556,0.0,0.4776666666666667,0.47859429870965764,0.5169389279401556,1.0000000000000455,10.590225000000004,,,,,,,False,,0.0,0.0,0.0,d176ee30e6fc7a6824a7dbb7b84aa9ef49ea5e90,True,d46ffb6c4c5bf557,3.12.10,2.5.3,1.18.1
train,train-042,b1_pd_ff,constant,0.440579,10.590225,1.431429,0.009014,1.9199290930250679,0.5628311359464735,1.5041445462524994,1.8724874984332003,0.010029132201193915,0.641225200605334,0.5269516904044859,0.0,0.4563333333333333,0.4724104984096279,0.5269516904044859,1.0000000000000455,10.590225000000004,,,,,,,False,,0.0,0.0,0.0,d176ee30e6fc7a6824a7dbb7b84aa9ef49ea5e90,True,d46ffb6c4c5bf557,3.12.10,2.5.3,1.18.1
train,train-042,b4_supervised,constant,0.440579,10.590225,1.431429,0.009014,0.5182319749738441,0.25963171504974253,0.4299867421464171,0.5017465031617038,0.0037322973677413897,0.40938611007539644,0.1662452514226956,0.0,0.6133333333333333,0.5135201262942038,0.1662452514226956,0.4957153680241445,5.249820676441188,0.06664445184938354,0.08397200933022327,0.0,0.8493835388203932,0.0,0.0,False,,0.0,0.0,0.0,d176ee30e6fc7a6824a7dbb7b84aa9ef49ea5e90,True,d46ffb6c4c5bf557,3.12.10,2.5.3,1.18.1
train,train-042,b3_rl_unsupervised,constant,0.440579,10.590225,1.431429,0.009014,1.169066512333934,0.31421603099816897,0.7586406071627946,1.1279153234714834,0.009148981476530909,0.6218659494884263,0.5167312348437659,0.0,0.481,0.4796378503508203,0.5167312348437659,1.0000000000000455,10.590225000000004,1.0,0.0,0.0,0.0,0.0,0.0,False,,0.0,0.0,0.0,d176ee30e6fc7a6824a7dbb7b84aa9ef49ea5e90,True,d46ffb6c4c5bf557,3.12.10,2.5.3,1.18.1
train,train-042,b5_rl_supervised,constant,0.440579,10.590225,1.431429,0.009014,0.5182319749738441,0.25963171504974253,0.4299867421464171,0.5017465031617038,0.0037322973677413897,0.40938611007539644,0.1662452514226956,0.0,0.6133333333333333,0.5135201262942038,0.1662452514226956,0.4957153680241445,5.249820676441188,0.06664445184938354,0.08397200933022327,0.0,0.8493835388203932,0.0,0.0,False,,0.0,0.0,0.0,d176ee30e6fc7a6824a7dbb7b84aa9ef49ea5e90,True,d46ffb6c4c5bf557,3.12.10,2.5.3,1.18.1
train,train-043,b0_pid_ff,ramp,0.632932,9.389326,1.375913,0.018659,2.274696985593296,0.6656304788524923,1.687396979901631,2.186664794743919,0.020357227007563976,1.7929652889275962,0.6872713665405428,0.0,0.48433333333333334,0.48499999814072114,0.6872713665405428,0.9999999999999607,9.389325999999997,,,,,,,False,,0.0,0.0,0.0,d176ee30e6fc7a6824a7dbb7b84aa9ef49ea5e90,True,d46ffb6c4c5bf557,3.12.10,2.5.3,1.18.1
train,train-043,b1_pd_ff,ramp,0.632932,9.389326,1.375913,0.018659,4.07114585994944,1.140620372359547,3.2670929362712124,3.9695662302554267,0.023956053734629612,1.8387380654536831,0.6959481625554922,0.0,0.4886666666666667,0.48475058236782576,0.6959481625554922,0.9999999999999607,9.389325999999997,,,,,,,False,,0.0,0.0,0.0,d176ee30e6fc7a6824a7dbb7b84aa9ef49ea5e90,True,d46ffb6c4c5bf557,3.12.10,2.5.3,1.18.1
train,train-043,b4_supervised,ramp,0.632932,9.389326,1.375913,0.018659,0.9743892282456232,0.5866164316277109,0.8670384341910241,0.9404939400067395,0.004464386621155828,0.9134862053850966,0.15322517217596415,0.0,0.6293333333333333,0.5207747103993391,0.15322517217596415,0.5607974983507987,5.2654220579806905,0.06664445184938354,0.14061979340219927,0.0,0.7927357547484172,0.0,0.0,False,,0.0,0.0,0.0,d176ee30e6fc7a6824a7dbb7b84aa9ef49ea5e90,True,d46ffb6c4c5bf557,3.12.10,2.5.3,1.18.1
train,train-043,b3_rl_unsupervised,ramp,0.632932,9.389326,1.375913,0.018659,2.2626133767150693,0.6603352363241441,1.676795053318816,2.174621327668878,0.020304237708815724,1.7933760808701518,0.6869737030680194,0.0,0.48733333333333334,0.4855935341992878,0.6869737030680194,0.9999999999999607,9.389325999999997,1.0,0.0,0.0,0.0,0.0,0.0,False,,0.0,0.0,0.0,d176ee30e6fc7a6824a7dbb7b84aa9ef49ea5e90,True,d46ffb6c4c5bf557,3.12.10,2.5.3,1.18.1
train,train-043,b5_rl_supervised,ramp,0.632932,9.389326,1.375913,0.018659,0.9743892282456232,0.5866164316277109,0.8670384341910241,0.9404939400067395,0.004464386621155828,0.9134862053850966,0.15322517217596415,0.0,0.6293333333333333,0.5207747103993391,0.15322517217596415,0.5607974983507987,5.2654220579806905,0.06664445184938354,0.14061979340219927,0.0,0.7927357547484172,0.0,0.0,False,,0.0,0.0,0.0,d176ee30e6fc7a6824a7dbb7b84aa9ef49ea5e90,True,d46ffb6c4c5bf557,3.12.10,2.5.3,1.18.1
train,train-044,b0_pid_ff,patches,0.328676,11.51767,1.029368,0.023832,0.9486157778409853,0.2689021451528392,0.5490934496637371,0.8746290021276976,0.01674976432230017,0.6652845999577413,0.4688103089602648,0.0,0.6896666666666667,0.5332822785429279,0.4688103089602648,1.0000000000000215,11.517669999999995,,,,,,,False,,0.0,0.0,0.0,d176ee30e6fc7a6824a7dbb7b84aa9ef49ea5e90,True,d46ffb6c4c5bf557,3.12.10,2.5.3,1.18.1
train,train-044,b1_pd_ff,patches,0.328676,11.51767,1.029368,0.023832,0.8732986447605364,0.2574616805127617,0.5180296763831399,0.7908148689994711,0.016292838135463183,0.6442219389109035,0.4724485320571456,0.0,0.72,0.5398525441950014,0.5013977031646277,1.0000000000000215,11.517669999999995,,,,,,,False,,0.0,0.0,0.0,d176ee30e6fc7a6824a7dbb7b84aa9ef49ea5e90,True,d46ffb6c4c5bf557,3.12.10,2.5.3,1.18.1
train,train-044,b4_supervised,patches,0.328676,11.51767,1.029368,0.023832,1.6017767901160904,0.42435672107187977,1.2204603903215347,1.5506063060458688,0.008897428570957926,1.3273624534089228,0.26644110674216,0.0,0.774,0.5519168197197518,0.28337309728344523,0.4545116153411756,5.234836517827395,0.06664445184938354,0.0,0.0,0.9333555481506165,0.0,0.0,False,,0.0,0.0,0.0,d176ee30e6fc7a6824a7dbb7b84aa9ef49ea5e90,True,d46ffb6c4c5bf557,3.12.10,2.5.3,1.18.1
train,train-044,b3_rl_unsupervised,patches,0.328676,11.51767,1.029368,0.023832,0.9524598424548579,0.2682928766574136,0.5549770929937847,0.8800753822939912,0.01663209829600705,0.664446414507588,0.46719309634937545,0.0,0.6833333333333333,0.5319125123426075,0.46719309634937545,1.0000000000000215,11.517669999999995,1.0,0.0,0.0,0.0,0.0,0.0,False,,0.0,0.0,0.0,d176ee30e6fc7a6824a7dbb7b84aa9ef49ea5e90,True,d46ffb6c4c5bf557,3.12.10,2.5.3,1.18.1
train,train-044,b5_rl_supervised,patches,0.328676,11.51767,1.029368,0.023832,1.6017767901160904,0.42435672107187977,1.2204603903215347,1.5506063060458688,0.008897428570957926,1.3273624534089228,0.26644110674216,0.0,0.774,0.5519168197197518,0.28337309728344523,0.4545116153411756,5.234836517827395,0.06664445184938354,0.0,0.0,0.9333555481506165,0.0,0.0,False,,0.0,0.0,0.0,d176ee30e6fc7a6824a7dbb7b84aa9ef49ea5e90,True,d46ffb6c4c5bf557,3.12.10,2.5.3,1.18.1
train,train-045,b0_pid_ff,step,0.339208,8.52759,1.418911,0.008078,0.32376605650174317,0.07797086069223236,0.1783409178102247,0.2854600513323677,0.006505900919059726,0.689533993731564,0.4544724389439259,0.0,0.37233333333333335,0.4493752222821938,0.4544724389439259,0.9999999999999946,8.527590000000004,,,,,,,False,,0.0,0.0,0.0,d176ee30e6fc7a6824a7dbb7b84aa9ef49ea5e90,True,d46ffb6c4c5bf557,3.12.10,2.5.3,1.18.1
train,train-045,b1_pd_ff,step,0.339208,8.52759,1.418911,0.008078,0.4712166953315657,0.1482629659192149,0.3767374338119028,0.4560543828483742,0.006853077984230558,0.7032353028434195,0.45804249726890345,0.0,0.36233333333333334,0.4454704665788017,0.45804249726890345,0.9999999999999946,8.527590000000004,,,,,,,False,,0.0,0.0,0.0,d176ee30e6fc7a6824a7dbb7b84aa9ef49ea5e90,True,d46ffb6c4c5bf557,3.12.10,2.5.3,1.18.1
train,train-045,b4_supervised,step,0.339208,8.52759,1.418911,0.008078,1.317052731130317,0.4857756478882068,1.1688276148937315,1.2968996362221445,0.006795508570291615,1.1327319845176977,0.36456406224389504,0.0,0.5803333333333334,0.5064379412263296,0.36456406224389504,0.675893397235735,5.764153724091998,0.06664445184938354,0.4675108297234255,0.0,0.46584471842719094,0.0,0.0,False,,0.0,0.0,0.0,d176ee30e6fc7a6824a7dbb7b84aa9ef49ea5e90,True,d46ffb6c4c5bf557,3.12.10,2.5.3,1.18.1
train,train-045,b3_rl_unsupervised,step,0.339208,8.52759,1.418911,0.008078,0.3257542138770875,0.07807250743365231,0.1780951163333212,0.286494057790659,0.0065092083777761895,0.6901199876939573,0.4545557160347531,0.0,0.376,0.4506884022791349,0.4545557160347531,0.9999999999999946,8.527590000000004,1.0,0.0,0.0,0.0,0.0,0.0,False,,0.0,0.0,0.0,d176ee30e6fc7a6824a7dbb7b84aa9ef49ea5e90,True,d46ffb6c4c5bf557,3.12.10,2.5.3,1.18.1
train,train-045,b5_rl_supervised,step,0.339208,8.52759,1.418911,0.008078,1.317052731130317,0.4857756478882068,1.1688276148937315,1.2968996362221445,0.006795508570291615,1.1327319845176977,0.36456406224389504,0.0,0.5803333333333334,0.5064379412263296,0.36456406224389504,0.675893397235735,5.764153724091998,0.06664445184938354,0.4675108297234255,0.0,0.46584471842719094,0.0,0.0,False,,0.0,0.0,0.0,d176ee30e6fc7a6824a7dbb7b84aa9ef49ea5e90,True,d46ffb6c4c5bf557,3.12.10,2.5.3,1.18.1
train,train-046,b0_pid_ff,patches,0.517216,11.631984,1.151119,0.00778,1.2498590213187006,0.29832725724133213,0.7532343579985449,1.1554796356643604,0.009585240652320677,0.7787934811113408,0.38048743278404046,0.0,0.07866666666666666,0.3184568018390975,0.5588924800015657,1.00000000000001,11.631984,,,,,,,False,,0.0,0.0,0.0,d176ee30e6fc7a6824a7dbb7b84aa9ef49ea5e90,True,d46ffb6c4c5bf557,3.12.10,2.5.3,1.18.1
train,train-046,b1_pd_ff,patches,0.517216,11.631984,1.151119,0.00778,0.9422794166038242,0.25990220805941955,0.6651783090979765,0.882921901509242,0.00880406875926597,0.7402314999596623,0.3826216697179956,0.0,0.109,0.34042438455671037,0.5620274297269778,1.00000000000001,11.631984,,,,,,,False,,0.0,0.0,0.0,d176ee30e6fc7a6824a7dbb7b84aa9ef49ea5e90,True,d46ffb6c4c5bf557,3.12.10,2.5.3,1.18.1
train,train-046,b4_supervised,patches,0.517216,11.631984,1.151119,0.00778,1.2890355602847041,0.4035475697547133,0.97493140227936,1.2739434137196866,0.005174676661225014,1.4640056570247248,0.1491143281937838,0.0,0.227,0.3950984204098789,0.21903187729013177,0.7537917754600093,8.76756411575638,0.06664445184938354,0.866377874041986,0.0,0.06697767410863045,0.0,0.0,False,,0.0,0.0,0.0,d176ee30e6fc7a6824a7dbb7b84aa9ef49ea5e90,True,d46ffb6c4c5bf557,3.12.10,2.5.3,1.18.1
train,train-046,b3_rl_unsupervised,patches,0.517216,11.631984,1.151119,0.00778,1.230869955419934,0.29550447506060534,0.7470824861145808,1.1384416085375881,0.009535873134196862,0.777022233914925,0.38069856054901846,0.0,0.08133333333333333,0.32019247369212284,0.5592026025181028,1.00000000000001,11.631984,1.0,0.0,0.0,0.0,0.0,0.0,False,,0.0,0.0,0.0,d176ee30e6fc7a6824a7dbb7b84aa9ef49ea5e90,True,d46ffb6c4c5bf557,3.12.10,2.5.3,1.18.1
train,train-046,b5_rl_supervised,patches,0.517216,11.631984,1.151119,0.00778,1.2890355602847041,0.4035475697547133,0.97493140227936,1.2739434137196866,0.005174676661225014,1.4640056570247248,0.1491143281937838,0.0,0.227,0.3950984204098789,0.21903187729013177,0.7537917754600093,8.76756411575638,0.06664445184938354,0.866377874041986,0.0,0.06697767410863045,0.0,0.0,False,,0.0,0.0,0.0,d176ee30e6fc7a6824a7dbb7b84aa9ef49ea5e90,True,d46ffb6c4c5bf557,3.12.10,2.5.3,1.18.1
train,train-047,b0_pid_ff,ramp,0.311304,10.095582,1.171656,0.019672,0.4533380036073482,0.12865562576163556,0.2895845776082358,0.4270425892985462,0.006884733688048007,0.6429452758161776,0.3783377153444265,0.0,0.4246666666666667,0.4646163195856763,0.3783377153444265,0.9999999999999833,10.095582000000002,,,,,,,False,,0.0,0.0,0.0,d176ee30e6fc7a6824a7dbb7b84aa9ef49ea5e90,True,d46ffb6c4c5bf557,3.12.10,2.5.3,1.18.1
train,train-047,b1_pd_ff,ramp,0.311304,10.095582,1.171656,0.019672,0.8156586994469398,0.2389379857192745,0.6365910007648787,0.7828779345475095,0.007237115092076433,0.6519296756810031,0.3837561965075973,0.0,0.422,0.4641253471233865,0.3837561965075973,0.9999999999999833,10.095582000000002,,,,,,,False,,0.0,0.0,0.0,d176ee30e6fc7a6824a7dbb7b84aa9ef49ea5e90,True,d46ffb6c4c5bf557,3.12.10,2.5.3,1.18.1
train,train-047,b4_supervised,ramp,0.311304,10.095582,1.171656,0.019672,1.4288652382831368,0.316742363561464,0.48043017167082286,1.400990516984985,0.004606815220661899,0.8476311074352387,0.2863834392187439,0.0,0.5566666666666666,0.5012324829829621,0.2863834392187439,0.6478391283202374,6.54033293178839,0.06664445184938354,0.5208263912029324,0.0,0.4125291569476841,0.0,0.0,False,,0.0,0.0,0.0,d176ee30e6fc7a6824a7dbb7b84aa9ef49ea5e90,True,d46ffb6c4c5bf557,3.12.10,2.5.3,1.18.1
train,train-047,b3_rl_unsupervised,ramp,0.311304,10.095582,1.171656,0.019672,0.4482010689269338,0.12780111266614838,0.2875083261933131,0.4237814612515116,0.006885133829330662,0.6426490148329903,0.3784411011529388,0.0,0.427,0.46532601177523636,0.3784411011529388,0.9999999999999833,10.095582000000002,1.0,0.0,0.0,0.0,0.0,0.0,False,,0.0,0.0,0.0,d176ee30e6fc7a6824a7dbb7b84aa9ef49ea5e90,True,d46ffb6c4c5bf557,3.12.10,2.5.3,1.18.1
train,train-047,b5_rl_supervised,ramp,0.311304,10.095582,1.171656,0.019672,1.4288652382831368,0.316742363561464,0.48043017167082286,1.400990516984985,0.004606815220661899,0.8476311074352387,0.2863834392187439,0.0,0.5566666666666666,0.5012324829829621,0.2863834392187439,0.6478391283202374,6.54033293178839,0.06664445184938354,0.5208263912029324,0.0,0.4125291569476841,0.0,0.0,False,,0.0,0.0,0.0,d176ee30e6fc7a6824a7dbb7b84aa9ef49ea5e90,True,d46ffb6c4c5bf557,3.12.10,2.5.3,1.18.1
